Employee_ID,Att_Date,Status,Hours Worked 
E0001,03-01-2025,leave,
E0001,06 Jan 2025,Present,8
E0001,01/08/2025,PRESENT,8
E0001,09 Jan 2025,Present,8
E0001,01/10/2025,PRESENT,8
E0001,13-01-2025,Present,8
E0001,01/14/2025,present,8
E0001,15-01-2025,PRESENT,7.5
E0001,2025-01-17,L,
E0001,20 Jan 2025,Present,8
E0001,21-01-2025,wfh,7
E0001,2025-01-22,P,8
E0001,2025-01-24,present,7
E0001,28-01-2025,Present,7
E0001,2025-01-29,present,8
E0001,31-01-2025,Work From Home,9
E0001,2025-02-03,P,8
E0001,02/05/2025,P,8
E0001,06-02-2025,Present,7.5
E0001,10 Feb 2025,A,
E0001,11-02-2025,PRESENT,8
E0001,12 Feb 2025,P,7
E0001,2025-02-14,PRESENT,9
E0001,02/17/2025,Present,8
E0001,19-02-2025,P,7.5
E0001,20 Feb 2025,present,8
E0001,2025-02-24,PRESENT,7.5
E0001,25 Feb 2025,present,8
E0001,27 Feb 2025,Absent,
E0001,2025-03-03,P,8
E0001,04-03-2025,wfh,9
E0001,05-03-2025,Present,8
E0001,2025-03-06,A,
E0001,2025-03-07,P,8
E0001,2025-03-11,P,9
E0001,2025-03-13,present,7
E0001,2025-03-14,absent,
E0001,2025-03-17,P,7
E0001,18 Mar 2025,P,7.5
E0001,19-03-2025,Present,8
E0001,03/20/2025,P,8
E0002,03 Jan 2025,Present,8
E0002,01/06/2025,present,9
E0002,07 Jan 2025,PRESENT,8
E0002,2025-01-09,wfh,7.5
E0002,13 Jan 2025,present,7.5
E0002,01/14/2025,leave,
E0002,2025-01-15,PRESENT,9
E0002,2025-01-16,wfh,7.5
E0002,17 Jan 2025,P,8
E0002,20-01-2025,A,
E0002,21-01-2025,Present,9
E0002,2025-01-22,present,8
E0002,2025-01-23,A,
E0002,24 Jan 2025,Present,8
E0002,28-01-2025,PRESENT,9
E0002,30-01-2025,PRESENT,8
E0002,31 Jan 2025,present,8
E0002,03 Feb 2025,present,8
E0002,02/04/2025,WFH,7.5
E0002,2025-02-05,P,8
E0002,2025-02-06,PRESENT,7
E0002,10-02-2025,PRESENT,8
E0002,2025-02-11,PRESENT,7
E0002,02/12/2025,wfh,7
E0002,2025-02-14,P,7
E0002,17 Feb 2025,PRESENT,7.5
E0002,02/18/2025,PRESENT,8
E0002,19 Feb 2025,wfh,8
E0002,2025-02-20,PRESENT,7
E0002,24-02-2025,present,8
E0002,25-02-2025,Present,9
E0002,26 Feb 2025,present,9
E0002,27-02-2025,P,9
E0002,28-02-2025,PRESENT,7
E0002,03-03-2025,A,
E0002,04 Mar 2025,L,
E0002,06-03-2025,P,8
E0002,10-03-2025,Present,9
E0002,2025-03-11,Present,8
E0002,12 Mar 2025,P,8
E0002,13 Mar 2025,present,7.5
E0002,2025-03-14,WFH,8
E0003,02 Jan 2025,Present,8
E0003,03 Jan 2025,PRESENT,7.5
E0003,06-01-2025,PRESENT,7.5
E0003,07 Jan 2025,Present,8
E0003,08-01-2025,Present,8
E0003,2025-01-09,P,8
E0003,2025-01-10,present,7
E0003,2025-01-13,PRESENT,8
E0003,14 Jan 2025,PRESENT,8
E0003,15 Jan 2025,present,7.5
E0003,2025-01-16,On Leave,
E0003,20-01-2025,PRESENT,8
E0003,01/21/2025,Present,8
E0003,22-01-2025,Present,9
E0003,23 Jan 2025,Leave,
E0003,24 Jan 2025,leave,
E0003,28 Jan 2025,PRESENT,7.5
E0003,01/29/2025,Present,9
E0003,01/30/2025,present,8
E0003,31 Jan 2025,present,9
E0003,2025-02-03,present,7
E0003,2025-02-04,present,8
E0003,06-02-2025,P,7
E0003,2025-02-07,PRESENT,9
E0003,10-02-2025,PRESENT,8
E0003,11 Feb 2025,present,8
E0003,12 Feb 2025,absent,
E0003,02/14/2025,Leave,
E0003,02/17/2025,PRESENT,7.5
E0003,02/18/2025,Present,9
E0003,20-02-2025,A,
E0003,24 Feb 2025,present,9
E0003,02/25/2025,present,8
E0003,02/26/2025,Present,8
E0003,27 Feb 2025,present,8
E0003,28-02-2025,leave,
E0003,03/03/2025,P,8
E0003,03/04/2025,A,
E0003,2025-03-05,PRESENT,7.5
E0003,07 Mar 2025,Present,7.5
E0003,10 Mar 2025,present,8
E0003,11-03-2025,present,8
E0003,12-03-2025,present,8
E0003,14 Mar 2025,PRESENT,7
E0003,2025-03-17,absent,
E0004,01/02/2025,PRESENT,8
E0004,01/03/2025,P,8
E0004,01/06/2025,P,9
E0004,07 Jan 2025,Present,7.5
E0004,2025-01-08,P,8
E0004,09 Jan 2025,Work From Home,7.5
E0004,2025-01-13,P,8
E0004,01/14/2025,P,9
E0004,01/15/2025,P,9
E0004,16-01-2025,P,8
E0004,01/17/2025,Present,7
E0004,2025-01-21,PRESENT,7.5
E0004,2025-01-22,P,8
E0004,23 Jan 2025,WFH,9
E0004,01/27/2025,leave,
E0004,01/28/2025,A,
E0004,29-01-2025,PRESENT,7.5
E0004,2025-01-30,PRESENT,8
E0004,03-02-2025,Present,9
E0004,2025-02-04,PRESENT,8
E0004,05 Feb 2025,present,8
E0004,06-02-2025,P,8
E0004,2025-02-07,PRESENT,7
E0004,02/10/2025,wfh,8
E0004,11 Feb 2025,Work From Home,9
E0004,12 Feb 2025,PRESENT,7
E0004,13 Feb 2025,present,8
E0004,2025-02-14,Present,9
E0004,02/17/2025,PRESENT,7
E0004,2025-02-19,present,8
E0004,20 Feb 2025,wfh,7.5
E0004,02/21/2025,present,8
E0004,02/24/2025,absent,
E0004,25 Feb 2025,Present,9
E0004,2025-02-26,Present,8
E0004,02/27/2025,PRESENT,8
E0004,28 Feb 2025,present,7
E0004,03/03/2025,P,9
E0004,05 Mar 2025,wfh,8
E0004,03/06/2025,Present,9
E0004,2025-03-10,PRESENT,7.5
E0004,03/11/2025,PRESENT,8
E0004,2025-03-13,P,9
E0004,14 Mar 2025,leave,
E0006,02-01-2025,wfh,7.5
E0006,03 Jan 2025,A,
E0006,06-01-2025,present,8
E0006,2025-01-07,present,9
E0006,09-01-2025,Present,8
E0006,10-01-2025,PRESENT,8
E0006,2025-01-13,PRESENT,8
E0006,01/14/2025,Present,8
E0006,2025-01-15,Work From Home,8
E0006,17 Jan 2025,P,7
E0006,2025-01-20,present,7.5
E0006,22-01-2025,P,7
E0006,2025-01-23,PRESENT,8
E0006,24 Jan 2025,P,8
E0006,01/27/2025,present,7
E0006,01/28/2025,Present,7.5
E0006,30-01-2025,Present,8
E0006,2025-01-31,Present,7
E0006,2025-02-04,present,9
E0006,02/06/2025,present,8
E0006,07 Feb 2025,PRESENT,8
E0006,02/10/2025,present,9
E0006,2025-02-12,P,8
E0006,13 Feb 2025,present,7
E0006,2025-02-14,PRESENT,7.5
E0006,17-02-2025,P,8
E0006,19-02-2025,Work From Home,8
E0006,02/21/2025,A,
E0006,02/24/2025,P,8
E0006,02/25/2025,P,8
E0006,2025-02-26,present,8
E0006,02/27/2025,PRESENT,8
E0006,28 Feb 2025,PRESENT,7
E0006,2025-03-03,P,7.5
E0006,04-03-2025,Present,7.5
E0006,05-03-2025,P,9
E0006,03/06/2025,Present,8
E0006,07 Mar 2025,P,8
E0006,10-03-2025,On Leave,
E0006,11 Mar 2025,Present,8
E0006,12-03-2025,PRESENT,8
E0006,13 Mar 2025,wfh,7.5
E0006,03/17/2025,Present,8
E0006,03/19/2025,PRESENT,8
E0007,02 Jan 2025,Present,8
E0007,01/03/2025,Present,9
E0007,07-01-2025,present,8
E0007,09-01-2025,Absent,
E0007,13 Jan 2025,present,7.5
E0007,14-01-2025,PRESENT,9
E0007,15-01-2025,present,9
E0007,2025-01-16,PRESENT,8
E0007,01/20/2025,PRESENT,9
E0007,21 Jan 2025,L,
E0007,01/22/2025,P,7.5
E0007,01/23/2025,P,8
E0007,2025-01-24,P,8
E0007,01/27/2025,P,9
E0007,01/28/2025,PRESENT,8
E0007,29 Jan 2025,P,7.5
E0007,2025-01-30,PRESENT,8
E0007,01/31/2025,Present,7
E0007,03-02-2025,present,7
E0007,2025-02-05,PRESENT,7
E0007,02/06/2025,Present,7
E0007,2025-02-11,Absent,
E0007,13-02-2025,A,
E0007,14-02-2025,Present,8
E0007,02/17/2025,P,7.5
E0007,18 Feb 2025,present,8
E0007,19 Feb 2025,PRESENT,9
E0007,02/21/2025,On Leave,
E0007,2025-02-24,P,8
E0007,25 Feb 2025,L,
E0007,2025-02-26,present,8
E0007,27-02-2025,Work From Home,8
E0007,02/28/2025,wfh,7
E0007,03-03-2025,WFH,8
E0007,04-03-2025,On Leave,
E0007,2025-03-05,present,7.5
E0007,03/06/2025,On Leave,
E0007,07 Mar 2025,Absent,
E0007,10 Mar 2025,Absent,
E0007,11 Mar 2025,PRESENT,7
E0007,2025-03-12,absent,
E0007,14-03-2025,Present,7.5
E0009,01/03/2025,Present,8
E0009,06-01-2025,P,8
E0009,01/07/2025,P,7.5
E0009,08 Jan 2025,Present,8
E0009,01/09/2025,P,9
E0009,10 Jan 2025,present,8
E0009,13-01-2025,P,8
E0009,2025-01-14,P,8
E0009,01/15/2025,Present,8
E0009,01/16/2025,P,8
E0009,20-01-2025,PRESENT,7.5
E0009,01/21/2025,present,8
E0009,22 Jan 2025,Present,8
E0009,01/24/2025,present,9
E0009,28-01-2025,present,9
E0009,01/30/2025,Present,8
E0009,31 Jan 2025,PRESENT,7
E0009,04-02-2025,PRESENT,7
E0009,02/05/2025,L,
E0009,07 Feb 2025,Present,8
E0009,10-02-2025,P,8
E0009,11 Feb 2025,PRESENT,8
E0009,2025-02-13,Present,8
E0009,2025-02-14,present,8
E0009,2025-02-18,Leave,
E0009,02/19/2025,P,9
E0009,02/20/2025,present,8
E0009,2025-02-21,PRESENT,8
E0009,02/24/2025,present,8
E0009,02/25/2025,present,8
E0009,2025-02-26,Present,7.5
E0009,27 Feb 2025,PRESENT,8
E0009,02/28/2025,PRESENT,7.5
E0009,03/03/2025,PRESENT,8
E0009,04-03-2025,Present,8
E0009,2025-03-06,P,9
E0009,07 Mar 2025,L,
E0009,2025-03-10,P,7
E0009,12-03-2025,present,7.5
E0009,13 Mar 2025,Work From Home,8
E0009,14 Mar 2025,On Leave,
E0010,2025-01-03,P,9
E0010,06-01-2025,P,8
E0010,07-01-2025,P,9
E0010,2025-01-09,Present,7.5
E0010,13 Jan 2025,leave,
E0010,01/14/2025,Present,9
E0010,16-01-2025,absent,
E0010,17 Jan 2025,present,8
E0010,01/20/2025,P,8
E0010,01/22/2025,PRESENT,9
E0010,2025-01-23,P,9
E0010,01/24/2025,P,9
E0010,01/28/2025,present,8
E0010,29-01-2025,On Leave,
E0010,01/31/2025,P,8
E0010,03 Feb 2025,PRESENT,7
E0010,05 Feb 2025,Leave,
E0010,06 Feb 2025,P,8
E0010,02/10/2025,PRESENT,8
E0010,2025-02-11,Present,9
E0010,2025-02-12,Present,9
E0010,13 Feb 2025,WFH,7
E0010,02/14/2025,PRESENT,8
E0010,2025-02-17,WFH,8
E0010,18 Feb 2025,Leave,
E0010,2025-02-19,present,7
E0010,02/20/2025,present,9
E0010,2025-02-21,Present,8
E0010,24 Feb 2025,PRESENT,7.5
E0010,02/26/2025,present,8
E0010,27-02-2025,WFH,7
E0010,03 Mar 2025,absent,
E0010,03/04/2025,present,7
E0010,2025-03-05,Present,8
E0010,2025-03-06,Present,9
E0010,03/07/2025,Present,7.5
E0010,03/11/2025,Leave,
E0010,2025-03-13,P,8
E0010,2025-03-17,WFH,8
E0010,2025-03-18,Present,7.5
E0010,19-03-2025,present,8
E0010,03/20/2025,wfh,8
E0010,2025-03-24,leave,
E0011,01/02/2025,Present,8
E0011,2025-01-03,PRESENT,7.5
E0011,06-01-2025,Absent,
E0011,01/08/2025,P,8
E0011,2025-01-09,P,9
E0011,01/10/2025,Present,8
E0011,2025-01-14,Present,7
E0011,15 Jan 2025,Present,8
E0011,2025-01-16,PRESENT,7
E0011,2025-01-17,present,8
E0011,01/20/2025,PRESENT,7.5
E0011,2025-01-21,Present,7.5
E0011,01/22/2025,PRESENT,8
E0011,23 Jan 2025,PRESENT,8
E0011,24-01-2025,P,9
E0011,01/27/2025,P,8
E0011,01/29/2025,PRESENT,8
E0011,01/30/2025,Work From Home,8
E0011,31 Jan 2025,A,
E0011,02/03/2025,P,8
E0011,04 Feb 2025,PRESENT,8
E0011,05 Feb 2025,PRESENT,8
E0011,2025-02-07,P,7
E0011,2025-02-11,leave,
E0011,12-02-2025,P,9
E0011,13 Feb 2025,Present,8
E0011,02/17/2025,present,8
E0011,19 Feb 2025,PRESENT,7.5
E0011,02/21/2025,PRESENT,8
E0011,25-02-2025,P,8
E0011,27-02-2025,P,7
E0011,03/04/2025,Present,7
E0011,03/05/2025,Leave,
E0011,06 Mar 2025,PRESENT,8
E0011,2025-03-07,PRESENT,8
E0011,10 Mar 2025,wfh,7
E0011,2025-03-11,Leave,
E0011,2025-03-12,PRESENT,7
E0011,2025-03-13,P,9
E0011,03/17/2025,present,9
E0011,19 Mar 2025,P,8
E0011,20-03-2025,present,7.5
E0011,21 Mar 2025,present,9
E0011,24 Mar 2025,P,8
E0012,02 Jan 2025,P,8
E0012,06 Jan 2025,Present,8
E0012,2025-01-07,PRESENT,8
E0012,2025-01-08,wfh,8
E0012,2025-01-09,Present,7.5
E0012,2025-01-13,Present,9
E0012,14 Jan 2025,Leave,
E0012,2025-01-16,P,8
E0012,2025-01-20,Present,9
E0012,01/21/2025,P,8
E0012,22-01-2025,PRESENT,9
E0012,23-01-2025,present,8
E0012,2025-01-24,PRESENT,8
E0012,27 Jan 2025,On Leave,
E0012,01/28/2025,absent,
E0012,30-01-2025,Present,8
E0012,31 Jan 2025,present,8
E0012,2025-02-03,present,7.5
E0012,02/04/2025,Present,7
E0012,02/06/2025,PRESENT,8
E0012,10 Feb 2025,present,8
E0012,2025-02-11,P,8
E0012,2025-02-12,PRESENT,8
E0012,13 Feb 2025,Present,8
E0012,17-02-2025,present,8
E0012,18 Feb 2025,Absent,
E0012,02/19/2025,P,8
E0012,20-02-2025,Present,7
E0012,21-02-2025,wfh,7.5
E0012,02/24/2025,present,7
E0012,25 Feb 2025,Present,9
E0012,02/26/2025,PRESENT,8
E0012,27 Feb 2025,Present,8
E0012,02/28/2025,Work From Home,8
E0012,03 Mar 2025,present,8
E0012,04 Mar 2025,Present,7.5
E0012,2025-03-05,Present,8
E0012,2025-03-06,Present,8
E0012,11 Mar 2025,Present,7
E0012,12-03-2025,PRESENT,8
E0012,14-03-2025,P,9
E0014,2025-01-03,PRESENT,8
E0014,2025-01-06,Present,8
E0014,01/07/2025,leave,
E0014,01/08/2025,P,9
E0014,2025-01-09,Present,9
E0014,01/14/2025,present,7
E0014,15 Jan 2025,present,8
E0014,2025-01-16,A,
E0014,2025-01-20,WFH,7
E0014,21-01-2025,Present,8
E0014,22 Jan 2025,A,
E0014,23-01-2025,present,7
E0014,24-01-2025,Present,8
E0014,27-01-2025,Present,8
E0014,29-01-2025,Present,7
E0014,01/31/2025,present,7
E0014,03 Feb 2025,A,
E0014,02/04/2025,present,8
E0014,05-02-2025,PRESENT,7
E0014,2025-02-06,P,7.5
E0014,07-02-2025,Present,7.5
E0014,10-02-2025,P,7
E0014,2025-02-11,Present,9
E0014,02/13/2025,P,9
E0014,14 Feb 2025,PRESENT,8
E0014,17-02-2025,wfh,9
E0014,2025-02-18,Present,9
E0014,19-02-2025,present,7.5
E0014,02/20/2025,present,8
E0014,21 Feb 2025,Present,7.5
E0014,2025-02-24,Present,7
E0014,25 Feb 2025,PRESENT,8
E0014,02/26/2025,Present,8
E0014,27-02-2025,absent,
E0014,2025-02-28,L,
E0014,03-03-2025,PRESENT,7.5
E0014,04 Mar 2025,present,9
E0014,05 Mar 2025,present,7
E0014,03/07/2025,P,7.5
E0014,03/10/2025,present,8
E0014,03/11/2025,WFH,8
E0014,03/12/2025,Present,8
E0014,13 Mar 2025,L,
E0014,03/14/2025,present,8
E0014,17 Mar 2025,P,7.5
E0014,03/19/2025,P,9
E0015,01/02/2025,present,8
E0015,03 Jan 2025,Present,7
E0015,06-01-2025,P,9
E0015,08-01-2025,Present,8
E0015,2025-01-10,WFH,8
E0015,13 Jan 2025,PRESENT,7.5
E0015,14 Jan 2025,Work From Home,7.5
E0015,15 Jan 2025,absent,
E0015,16 Jan 2025,Leave,
E0015,2025-01-17,PRESENT,8
E0015,2025-01-20,Present,8
E0015,21-01-2025,PRESENT,8
E0015,01/22/2025,Present,8
E0015,23-01-2025,WFH,8
E0015,27 Jan 2025,PRESENT,8
E0015,28 Jan 2025,PRESENT,8
E0015,2025-01-30,Present,8
E0015,03-02-2025,P,7
E0015,05-02-2025,leave,
E0015,02/06/2025,Present,9
E0015,10 Feb 2025,Present,8
E0015,11-02-2025,P,8
E0015,2025-02-12,Present,7.5
E0015,14 Feb 2025,PRESENT,8
E0015,2025-02-17,PRESENT,7.5
E0015,02/18/2025,PRESENT,7
E0015,02/19/2025,present,8
E0015,02/20/2025,present,9
E0015,02/21/2025,Present,8
E0015,24-02-2025,present,8
E0015,25 Feb 2025,WFH,8
E0015,26 Feb 2025,Present,7
E0015,02/28/2025,P,8
E0015,03/03/2025,PRESENT,8
E0015,05 Mar 2025,Present,9
E0015,06-03-2025,Present,8
E0015,03/11/2025,PRESENT,7
E0015,03/12/2025,absent,
E0015,13-03-2025,P,9
E0015,2025-03-18,Present,9
E0015,20 Mar 2025,P,8
E0016,2025-01-02,PRESENT,8
E0016,06 Jan 2025,P,9
E0016,08 Jan 2025,P,9
E0016,09-01-2025,A,
E0016,2025-01-10,P,8
E0016,2025-01-13,P,9
E0016,01/15/2025,P,9
E0016,16 Jan 2025,P,8
E0016,2025-01-17,absent,
E0016,2025-01-21,Present,7.5
E0016,22-01-2025,wfh,8
E0016,01/23/2025,P,9
E0016,24-01-2025,PRESENT,8
E0016,27 Jan 2025,PRESENT,9
E0016,01/28/2025,Present,8
E0016,01/29/2025,P,9
E0016,30 Jan 2025,PRESENT,8
E0016,31-01-2025,PRESENT,8
E0016,2025-02-03,present,8
E0016,2025-02-04,A,
E0016,2025-02-05,PRESENT,7
E0016,06 Feb 2025,PRESENT,8
E0016,02/10/2025,present,8
E0016,11-02-2025,A,
E0016,02/13/2025,Present,7
E0016,2025-02-14,PRESENT,9
E0016,02/17/2025,leave,
E0016,02/18/2025,Present,7.5
E0016,02/19/2025,PRESENT,7.5
E0016,20-02-2025,Work From Home,9
E0016,21-02-2025,P,8
E0016,24-02-2025,A,
E0016,26-02-2025,PRESENT,7
E0016,02/27/2025,Present,7
E0016,28-02-2025,PRESENT,7
E0016,03-03-2025,present,8
E0016,03/04/2025,Absent,
E0016,05-03-2025,WFH,8
E0016,06 Mar 2025,wfh,9
E0016,07-03-2025,present,8
E0016,11-03-2025,present,8
E0016,03/12/2025,Present,8
E0016,14-03-2025,PRESENT,8
E0017,02 Jan 2025,P,8
E0017,03 Jan 2025,P,7.5
E0017,2025-01-06,Present,8
E0017,07-01-2025,P,9
E0017,01/09/2025,Present,7
E0017,01/13/2025,Present,9
E0017,01/14/2025,present,8
E0017,16 Jan 2025,P,9
E0017,17 Jan 2025,PRESENT,9
E0017,2025-01-20,P,8
E0017,2025-01-21,Present,7
E0017,23-01-2025,present,7
E0017,24-01-2025,absent,
E0017,2025-01-27,PRESENT,7.5
E0017,01/28/2025,P,8
E0017,2025-01-29,P,8
E0017,30-01-2025,A,
E0017,31 Jan 2025,WFH,8
E0017,02/03/2025,Present,7
E0017,04 Feb 2025,On Leave,
E0017,06-02-2025,P,8
E0017,10-02-2025,present,8
E0017,2025-02-12,P,8
E0017,13-02-2025,Present,8
E0017,14-02-2025,absent,
E0017,17 Feb 2025,PRESENT,8
E0017,02/18/2025,present,7.5
E0017,19-02-2025,Present,8
E0017,20 Feb 2025,PRESENT,7
E0017,24-02-2025,P,8
E0017,25-02-2025,P,8
E0017,27 Feb 2025,present,8
E0017,28 Feb 2025,PRESENT,8
E0017,03/03/2025,Present,8
E0017,04 Mar 2025,PRESENT,8
E0017,05-03-2025,Present,9
E0017,03/06/2025,P,8
E0017,2025-03-07,A,
E0017,10 Mar 2025,PRESENT,7.5
E0017,03/12/2025,P,9
E0017,13 Mar 2025,present,8
E0017,14 Mar 2025,P,8
E0017,2025-03-17,present,7.5
E0017,03/19/2025,Present,9
E0017,03/21/2025,PRESENT,9
E0017,25-03-2025,present,7.5
E0019,02-01-2025,P,8
E0019,2025-01-03,present,7
E0019,06-01-2025,Work From Home,7
E0019,07 Jan 2025,PRESENT,7
E0019,01/08/2025,Present,8
E0019,2025-01-09,Present,8
E0019,13 Jan 2025,PRESENT,8
E0019,14-01-2025,WFH,7.5
E0019,15 Jan 2025,PRESENT,8
E0019,16 Jan 2025,Leave,
E0019,17 Jan 2025,Present,8
E0019,20 Jan 2025,WFH,8
E0019,21-01-2025,Absent,
E0019,22 Jan 2025,present,8
E0019,23-01-2025,PRESENT,9
E0019,24-01-2025,L,
E0019,01/27/2025,present,8
E0019,28 Jan 2025,leave,
E0019,29 Jan 2025,Present,8
E0019,31 Jan 2025,Work From Home,9
E0019,2025-02-03,PRESENT,8
E0019,02/05/2025,Present,9
E0019,07-02-2025,Absent,
E0019,10-02-2025,PRESENT,8
E0019,11 Feb 2025,present,8
E0019,02/12/2025,present,8
E0019,13-02-2025,Absent,
E0019,02/17/2025,P,8
E0019,02/18/2025,wfh,9
E0019,02/19/2025,WFH,8
E0019,2025-02-20,P,8
E0019,21-02-2025,PRESENT,7.5
E0019,24 Feb 2025,P,9
E0019,2025-02-25,present,7.5
E0019,26 Feb 2025,P,7.5
E0019,02/27/2025,PRESENT,9
E0019,2025-03-04,Absent,
E0019,2025-03-05,P,7.5
E0019,2025-03-07,P,7.5
E0019,2025-03-10,P,9
E0019,2025-03-11,Present,7
E0019,12-03-2025,PRESENT,8
E0019,13 Mar 2025,P,8
E0019,03/14/2025,Present,8
E0020,01/02/2025,PRESENT,8
E0020,2025-01-03,P,7.5
E0020,2025-01-06,Work From Home,8
E0020,2025-01-08,PRESENT,8
E0020,09 Jan 2025,present,8
E0020,01/10/2025,P,7
E0020,01/13/2025,P,8
E0020,15 Jan 2025,P,7
E0020,16 Jan 2025,wfh,8
E0020,2025-01-20,Present,7.5
E0020,2025-01-21,A,
E0020,01/22/2025,Present,8
E0020,24-01-2025,WFH,8
E0020,2025-01-27,Present,8
E0020,28-01-2025,Absent,
E0020,2025-01-29,P,8
E0020,30 Jan 2025,Present,9
E0020,01/31/2025,wfh,8
E0020,03-02-2025,Present,9
E0020,02/05/2025,PRESENT,7.5
E0020,07 Feb 2025,present,7.5
E0020,2025-02-10,present,7
E0020,2025-02-12,A,
E0020,02/13/2025,Present,8
E0020,2025-02-17,L,
E0020,02/19/2025,P,8
E0020,2025-02-21,Present,7
E0020,24-02-2025,present,8
E0020,2025-02-25,Present,8
E0020,02/26/2025,wfh,8
E0020,28-02-2025,Present,8
E0020,2025-03-04,P,9
E0020,05-03-2025,Present,8
E0020,03/06/2025,P,7.5
E0020,10 Mar 2025,PRESENT,8
E0020,03/12/2025,PRESENT,8
E0020,13-03-2025,PRESENT,9
E0020,17 Mar 2025,Present,7.5
E0020,2025-03-19,P,8
E0020,03/21/2025,Absent,
E0021,01/02/2025,Present,9
E0021,01/03/2025,present,9
E0021,06 Jan 2025,P,7.5
E0021,08 Jan 2025,present,7.5
E0021,01/10/2025,P,8
E0021,14 Jan 2025,Present,7
E0021,16-01-2025,leave,
E0021,20-01-2025,P,7.5
E0021,21-01-2025,PRESENT,8
E0021,22 Jan 2025,L,
E0021,23 Jan 2025,PRESENT,8
E0021,2025-01-24,present,8
E0021,27 Jan 2025,PRESENT,8
E0021,28 Jan 2025,L,
E0021,01/29/2025,Absent,
E0021,30 Jan 2025,Present,9
E0021,31 Jan 2025,present,8
E0021,02/03/2025,Work From Home,8
E0021,2025-02-04,Present,8
E0021,05-02-2025,present,8
E0021,02/06/2025,Present,8
E0021,2025-02-07,P,8
E0021,10-02-2025,Leave,
E0021,12-02-2025,Absent,
E0021,13-02-2025,Absent,
E0021,02/14/2025,present,8
E0021,17-02-2025,P,9
E0021,18-02-2025,PRESENT,7.5
E0021,02/19/2025,P,7
E0021,2025-02-21,present,7
E0021,24 Feb 2025,present,7.5
E0021,25 Feb 2025,P,8
E0021,2025-02-27,wfh,9
E0021,28-02-2025,Present,9
E0021,03-03-2025,present,8
E0021,05-03-2025,present,8
E0021,2025-03-06,PRESENT,9
E0021,03/07/2025,PRESENT,8
E0021,2025-03-11,P,9
E0021,13-03-2025,PRESENT,7
E0021,2025-03-14,present,8
E0021,17-03-2025,present,7
E0021,18 Mar 2025,PRESENT,9
E0021,2025-03-19,PRESENT,8
E0021,2025-03-20,Present,8
E0022,01/02/2025,present,9
E0022,03 Jan 2025,present,9
E0022,06 Jan 2025,present,8
E0022,07-01-2025,P,8
E0022,01/08/2025,present,8
E0022,10 Jan 2025,P,8
E0022,13 Jan 2025,P,9
E0022,01/15/2025,Absent,
E0022,17-01-2025,present,9
E0022,2025-01-20,present,8
E0022,21-01-2025,P,7
E0022,01/22/2025,Present,8
E0022,2025-01-23,PRESENT,8
E0022,2025-01-27,P,7
E0022,28-01-2025,P,7
E0022,29 Jan 2025,Present,8
E0022,30 Jan 2025,PRESENT,8
E0022,31 Jan 2025,P,8
E0022,03 Feb 2025,A,
E0022,05-02-2025,P,8
E0022,07-02-2025,Present,7.5
E0022,02/10/2025,Present,8
E0022,02/12/2025,Present,7
E0022,13 Feb 2025,present,7.5
E0022,2025-02-14,A,
E0022,17 Feb 2025,Present,8
E0022,2025-02-18,PRESENT,8
E0022,02/19/2025,Present,8
E0022,02/20/2025,PRESENT,7
E0022,21-02-2025,wfh,7.5
E0022,24-02-2025,PRESENT,8
E0022,25 Feb 2025,PRESENT,8
E0022,02/26/2025,present,8
E0022,2025-02-28,P,7
E0022,04-03-2025,Present,8
E0022,06-03-2025,Present,8
E0022,07 Mar 2025,present,8
E0022,03/10/2025,On Leave,
E0022,11 Mar 2025,present,7.5
E0022,2025-03-13,P,8
E0022,2025-03-14,P,8
E0022,2025-03-17,On Leave,
E0022,18-03-2025,Present,8
E0023,2025-01-03,present,9
E0023,2025-01-06,PRESENT,9
E0023,2025-01-07,wfh,8
E0023,01/08/2025,PRESENT,8
E0023,01/10/2025,Work From Home,7
E0023,01/13/2025,Present,9
E0023,15-01-2025,P,8
E0023,16-01-2025,P,9
E0023,2025-01-17,Work From Home,8
E0023,20-01-2025,A,
E0023,21-01-2025,present,8
E0023,2025-01-22,PRESENT,9
E0023,01/23/2025,PRESENT,9
E0023,2025-01-24,Work From Home,7
E0023,2025-01-27,P,7
E0023,01/29/2025,present,9
E0023,2025-01-30,Present,7.5
E0023,01/31/2025,leave,
E0023,04-02-2025,P,9
E0023,05-02-2025,P,8
E0023,02/07/2025,Present,9
E0023,11 Feb 2025,PRESENT,7
E0023,02/12/2025,Present,9
E0023,02/14/2025,WFH,7.5
E0023,17 Feb 2025,Present,7
E0023,2025-02-19,A,
E0023,2025-02-20,P,7.5
E0023,02/21/2025,A,
E0023,24-02-2025,P,8
E0023,2025-02-25,WFH,8
E0023,26 Feb 2025,Absent,
E0023,27-02-2025,P,7
E0023,28 Feb 2025,PRESENT,8
E0023,03 Mar 2025,Present,8
E0023,05-03-2025,A,
E0023,2025-03-06,Present,8
E0023,07-03-2025,Present,8
E0023,10 Mar 2025,P,9
E0023,03/11/2025,Present,7
E0023,03/12/2025,PRESENT,8
E0023,2025-03-13,PRESENT,8
E0023,03/14/2025,present,7
E0023,03/17/2025,present,9
E0023,18 Mar 2025,P,9
E0023,2025-03-19,leave,
E0025,01/02/2025,Present,8
E0025,01/03/2025,present,8
E0025,06 Jan 2025,PRESENT,9
E0025,07-01-2025,Present,8
E0025,2025-01-08,Present,7.5
E0025,10-01-2025,PRESENT,7
E0025,01/13/2025,PRESENT,9
E0025,01/14/2025,On Leave,
E0025,15-01-2025,PRESENT,7
E0025,01/16/2025,Present,8
E0025,01/17/2025,PRESENT,8
E0025,01/20/2025,present,7.5
E0025,22 Jan 2025,PRESENT,8
E0025,01/23/2025,wfh,8
E0025,01/24/2025,absent,
E0025,01/27/2025,L,
E0025,28-01-2025,A,
E0025,29 Jan 2025,PRESENT,8
E0025,30 Jan 2025,PRESENT,8
E0025,03-02-2025,P,9
E0025,02/04/2025,present,8
E0025,02/06/2025,P,8
E0025,07-02-2025,Present,7.5
E0025,10-02-2025,present,8
E0025,12 Feb 2025,PRESENT,8
E0025,2025-02-14,PRESENT,8
E0025,2025-02-17,P,7.5
E0025,18-02-2025,Present,8
E0025,19-02-2025,WFH,7
E0025,02/20/2025,present,8
E0025,02/21/2025,PRESENT,7.5
E0025,24 Feb 2025,PRESENT,8
E0025,02/25/2025,present,8
E0025,02/26/2025,present,8
E0025,28-02-2025,P,8
E0025,04 Mar 2025,P,7.5
E0025,2025-03-06,Leave,
E0025,07-03-2025,present,8
E0025,10 Mar 2025,P,8
E0025,11-03-2025,Present,8
E0025,12 Mar 2025,PRESENT,8
E0025,14 Mar 2025,P,7
E0025,2025-03-17,P,9
E0025,18 Mar 2025,present,7
E0025,2025-03-19,Present,8
E0026,02-01-2025,Present,8
E0026,03 Jan 2025,present,8
E0026,06 Jan 2025,WFH,8
E0026,01/08/2025,P,7.5
E0026,2025-01-09,P,7.5
E0026,01/10/2025,P,8
E0026,01/14/2025,P,8
E0026,15 Jan 2025,L,
E0026,17 Jan 2025,Present,8
E0026,01/21/2025,present,8
E0026,22 Jan 2025,L,
E0026,24-01-2025,On Leave,
E0026,2025-01-27,present,8
E0026,28 Jan 2025,present,8
E0026,2025-01-29,WFH,7
E0026,31-01-2025,PRESENT,7.5
E0026,2025-02-03,P,8
E0026,05-02-2025,L,
E0026,06 Feb 2025,present,8
E0026,10 Feb 2025,present,9
E0026,02/11/2025,PRESENT,7.5
E0026,12-02-2025,present,8
E0026,2025-02-14,Present,9
E0026,17-02-2025,present,9
E0026,18-02-2025,Present,9
E0026,20-02-2025,P,7
E0026,2025-02-21,present,7.5
E0026,2025-02-24,Present,7
E0026,25-02-2025,Present,7.5
E0026,26-02-2025,Present,8
E0026,02/27/2025,present,8
E0026,2025-03-03,present,7
E0026,2025-03-04,P,9
E0026,05-03-2025,P,7.5
E0026,06-03-2025,PRESENT,7
E0026,03/07/2025,P,7
E0026,03/10/2025,wfh,8
E0026,11 Mar 2025,PRESENT,9
E0026,03/12/2025,P,8
E0026,03/13/2025,Present,8
E0026,2025-03-17,PRESENT,8
E0026,18-03-2025,present,9
E0026,2025-03-19,wfh,8
E0026,20 Mar 2025,Present,8
E0027,2025-01-02,present,9
E0027,01/03/2025,Present,9
E0027,06-01-2025,present,8
E0027,01/07/2025,Leave,
E0027,01/08/2025,present,7.5
E0027,09-01-2025,present,7.5
E0027,13 Jan 2025,present,7.5
E0027,14 Jan 2025,PRESENT,8
E0027,2025-01-15,P,7
E0027,17 Jan 2025,P,8
E0027,20-01-2025,absent,
E0027,01/22/2025,Present,8
E0027,23 Jan 2025,P,8
E0027,2025-01-24,P,7
E0027,27-01-2025,present,7
E0027,2025-01-28,P,8
E0027,30-01-2025,Present,8
E0027,31 Jan 2025,present,7.5
E0027,04-02-2025,PRESENT,9
E0027,02/06/2025,wfh,7.5
E0027,02/10/2025,Present,9
E0027,02/11/2025,present,8
E0027,12 Feb 2025,Present,9
E0027,02/14/2025,Present,8
E0027,2025-02-17,absent,
E0027,19-02-2025,P,9
E0027,2025-02-20,PRESENT,7.5
E0027,2025-02-21,Work From Home,9
E0027,25 Feb 2025,Present,9
E0027,02/27/2025,P,7.5
E0027,28 Feb 2025,present,7.5
E0027,03/04/2025,present,7.5
E0027,05 Mar 2025,present,8
E0027,03/07/2025,Present,9
E0027,2025-03-10,PRESENT,7
E0027,11-03-2025,P,8
E0027,12-03-2025,Present,9
E0027,2025-03-13,Present,8
E0027,2025-03-17,P,8
E0027,18 Mar 2025,WFH,8
E0027,20-03-2025,PRESENT,8
E0027,03/21/2025,P,9
E0028,02 Jan 2025,WFH,8
E0028,2025-01-06,Present,9
E0028,2025-01-07,Present,9
E0028,09-01-2025,P,8
E0028,10-01-2025,P,9
E0028,13-01-2025,present,8
E0028,14 Jan 2025,Present,8
E0028,15 Jan 2025,Leave,
E0028,16-01-2025,present,9
E0028,2025-01-17,Present,7.5
E0028,20 Jan 2025,PRESENT,9
E0028,2025-01-21,P,7
E0028,2025-01-22,wfh,7
E0028,24 Jan 2025,L,
E0028,27-01-2025,Present,7
E0028,28-01-2025,present,9
E0028,29-01-2025,PRESENT,8
E0028,30 Jan 2025,present,8
E0028,01/31/2025,present,8
E0028,02/03/2025,P,8
E0028,04 Feb 2025,absent,
E0028,05-02-2025,present,9
E0028,06 Feb 2025,Present,8
E0028,2025-02-07,P,7
E0028,10 Feb 2025,Present,7.5
E0028,12 Feb 2025,present,7
E0028,13 Feb 2025,P,8
E0028,17 Feb 2025,present,9
E0028,2025-02-18,Present,9
E0028,20 Feb 2025,present,8
E0028,02/21/2025,On Leave,
E0028,02/24/2025,Present,9
E0028,02/26/2025,Work From Home,9
E0028,27-02-2025,P,7.5
E0028,28 Feb 2025,wfh,8
E0028,03 Mar 2025,Present,7.5
E0028,05 Mar 2025,present,9
E0028,06 Mar 2025,P,8
E0028,07-03-2025,Present,7
E0028,10-03-2025,P,8
E0028,03/11/2025,P,8
E0028,12-03-2025,present,8
E0028,14-03-2025,P,7
E0028,17-03-2025,On Leave,
E0029,03-01-2025,Absent,
E0029,06-01-2025,PRESENT,7
E0029,01/07/2025,PRESENT,8
E0029,01/09/2025,wfh,7
E0029,10 Jan 2025,PRESENT,9
E0029,01/13/2025,PRESENT,8
E0029,14-01-2025,Present,7.5
E0029,01/15/2025,present,7.5
E0029,2025-01-16,P,7
E0029,17 Jan 2025,present,8
E0029,01/21/2025,WFH,8
E0029,01/22/2025,PRESENT,9
E0029,01/23/2025,present,8
E0029,24-01-2025,Work From Home,8
E0029,27 Jan 2025,Present,9
E0029,2025-01-28,Present,8
E0029,29-01-2025,present,8
E0029,30-01-2025,present,8
E0029,31 Jan 2025,PRESENT,8
E0029,02/03/2025,Present,7
E0029,2025-02-04,Work From Home,7.5
E0029,06-02-2025,present,8
E0029,2025-02-07,present,8
E0029,10 Feb 2025,P,9
E0029,2025-02-11,PRESENT,8
E0029,02/12/2025,wfh,9
E0029,13 Feb 2025,Present,8
E0029,14-02-2025,Leave,
E0029,2025-02-17,Present,9
E0029,19 Feb 2025,Absent,
E0029,20-02-2025,Present,8
E0029,21 Feb 2025,Leave,
E0029,02/24/2025,present,9
E0029,2025-02-25,present,8
E0029,2025-02-26,P,7.5
E0029,27-02-2025,present,8
E0029,02/28/2025,PRESENT,8
E0029,03-03-2025,PRESENT,9
E0029,05-03-2025,L,
E0029,2025-03-06,P,8
E0029,03/07/2025,PRESENT,9
E0029,03/10/2025,P,8
E0029,11-03-2025,present,8
E0030,03 Jan 2025,PRESENT,7.5
E0030,2025-01-06,P,7.5
E0030,01/07/2025,wfh,8
E0030,2025-01-08,P,7
E0030,01/09/2025,PRESENT,7
E0030,01/13/2025,Present,7.5
E0030,15 Jan 2025,Work From Home,7
E0030,17 Jan 2025,present,8
E0030,01/20/2025,Present,7
E0030,01/21/2025,Present,9
E0030,22-01-2025,PRESENT,8
E0030,24-01-2025,PRESENT,8
E0030,2025-01-27,present,7.5
E0030,28 Jan 2025,On Leave,
E0030,01/29/2025,Present,9
E0030,01/30/2025,wfh,9
E0030,2025-01-31,P,7
E0030,04-02-2025,present,7
E0030,02/06/2025,PRESENT,9
E0030,07 Feb 2025,P,7
E0030,10 Feb 2025,PRESENT,8
E0030,11-02-2025,Present,7.5
E0030,2025-02-12,PRESENT,7.5
E0030,02/14/2025,Present,8
E0030,17-02-2025,PRESENT,7
E0030,2025-02-18,present,8
E0030,2025-02-19,PRESENT,7.5
E0030,02/20/2025,Present,7
E0030,21 Feb 2025,present,7.5
E0030,02/24/2025,P,7.5
E0030,2025-02-25,P,8
E0030,26-02-2025,L,
E0030,28-02-2025,P,8
E0030,03/03/2025,Present,9
E0030,05 Mar 2025,Present,7.5
E0030,2025-03-07,P,8
E0030,10-03-2025,present,8
E0030,03/12/2025,PRESENT,8
E0030,03/13/2025,Present,7.5
E0030,03/14/2025,PRESENT,7
E0030,03/17/2025,Leave,
E0030,2025-03-18,Present,9
E0030,03/19/2025,PRESENT,9
E0031,2025-01-03,leave,
E0031,2025-01-06,PRESENT,7.5
E0031,07 Jan 2025,Present,9
E0031,08 Jan 2025,On Leave,
E0031,09 Jan 2025,present,8
E0031,01/10/2025,P,8
E0031,01/13/2025,P,7.5
E0031,2025-01-14,present,9
E0031,01/15/2025,present,8
E0031,16 Jan 2025,P,7.5
E0031,20-01-2025,Present,8
E0031,22-01-2025,Present,7
E0031,01/23/2025,Present,8
E0031,24-01-2025,Absent,
E0031,2025-01-27,P,7.5
E0031,2025-01-28,present,7
E0031,2025-01-29,Present,7
E0031,30-01-2025,P,7.5
E0031,01/31/2025,P,8
E0031,03-02-2025,wfh,8
E0031,05-02-2025,Present,7.5
E0031,2025-02-06,PRESENT,7
E0031,02/07/2025,On Leave,
E0031,2025-02-10,P,7.5
E0031,11 Feb 2025,Present,8
E0031,12-02-2025,wfh,7
E0031,02/13/2025,present,8
E0031,17-02-2025,P,7
E0031,19-02-2025,Work From Home,7.5
E0031,2025-02-20,WFH,8
E0031,21 Feb 2025,P,9
E0031,24 Feb 2025,P,8
E0031,02/25/2025,P,8
E0031,26-02-2025,Present,7.5
E0031,27-02-2025,present,7
E0031,28 Feb 2025,present,8
E0031,03/03/2025,present,7
E0031,04 Mar 2025,wfh,7.5
E0031,05-03-2025,P,8
E0031,03/06/2025,Present,8
E0031,03/07/2025,present,7
E0031,03/11/2025,present,8
E0031,12-03-2025,PRESENT,8
E0031,13-03-2025,Present,9
E0032,02 Jan 2025,Present,8
E0032,2025-01-06,P,7.5
E0032,01/07/2025,present,9
E0032,01/09/2025,present,8
E0032,10 Jan 2025,absent,
E0032,13-01-2025,Absent,
E0032,14-01-2025,present,8
E0032,01/15/2025,PRESENT,7
E0032,01/16/2025,Present,7
E0032,01/17/2025,PRESENT,7.5
E0032,20 Jan 2025,Present,8
E0032,21-01-2025,Present,8
E0032,01/22/2025,P,8
E0032,23-01-2025,PRESENT,7.5
E0032,01/24/2025,Present,8
E0032,01/27/2025,Present,8
E0032,28-01-2025,Present,9
E0032,01/29/2025,On Leave,
E0032,2025-01-30,present,8
E0032,31 Jan 2025,P,7
E0032,03 Feb 2025,wfh,9
E0032,2025-02-04,Absent,
E0032,02/05/2025,P,8
E0032,2025-02-06,PRESENT,8
E0032,07 Feb 2025,present,9
E0032,02/10/2025,Work From Home,9
E0032,2025-02-11,Work From Home,7
E0032,2025-02-12,present,8
E0032,13 Feb 2025,P,8
E0032,14-02-2025,Leave,
E0032,17 Feb 2025,leave,
E0032,18 Feb 2025,Present,7.5
E0032,20 Feb 2025,PRESENT,8
E0032,24 Feb 2025,Present,8
E0032,2025-02-25,Present,8
E0032,2025-02-27,P,7
E0032,03/03/2025,WFH,9
E0032,2025-03-04,P,7
E0032,03/06/2025,WFH,7
E0032,2025-03-07,wfh,8
E0032,10-03-2025,PRESENT,8
E0032,11 Mar 2025,L,
E0032,12-03-2025,PRESENT,7.5
E0033,2025-01-02,L,
E0033,03 Jan 2025,PRESENT,8
E0033,06 Jan 2025,Work From Home,8
E0033,01/07/2025,present,7
E0033,01/08/2025,PRESENT,7
E0033,10-01-2025,Work From Home,8
E0033,01/13/2025,Present,8
E0033,01/15/2025,Present,7
E0033,16 Jan 2025,present,8
E0033,17-01-2025,present,9
E0033,20-01-2025,PRESENT,8
E0033,22 Jan 2025,P,8
E0033,2025-01-23,P,8
E0033,2025-01-24,Work From Home,8
E0033,2025-01-28,P,9
E0033,29-01-2025,WFH,7
E0033,31 Jan 2025,Present,9
E0033,04 Feb 2025,P,8
E0033,2025-02-05,P,7
E0033,2025-02-07,P,7
E0033,2025-02-10,leave,
E0033,12-02-2025,Present,8
E0033,2025-02-13,PRESENT,8
E0033,14 Feb 2025,P,7.5
E0033,17 Feb 2025,A,
E0033,02/18/2025,Work From Home,9
E0033,20 Feb 2025,On Leave,
E0033,21-02-2025,present,8
E0033,2025-02-24,Absent,
E0033,25-02-2025,Present,8
E0033,26 Feb 2025,Present,8
E0033,2025-02-27,present,8
E0033,02/28/2025,present,8
E0033,03-03-2025,Present,8
E0033,04 Mar 2025,Present,7
E0033,03/05/2025,PRESENT,8
E0033,06 Mar 2025,PRESENT,7.5
E0033,07-03-2025,Present,8
E0033,2025-03-10,P,8
E0033,2025-03-12,Absent,
E0033,13-03-2025,Leave,
E0033,14-03-2025,Work From Home,8
E0033,17-03-2025,Present,8
E0033,03/18/2025,PRESENT,7
E0034,01/02/2025,present,7
E0034,2025-01-03,present,7
E0034,06 Jan 2025,P,8
E0034,2025-01-07,present,9
E0034,01/09/2025,PRESENT,7.5
E0034,2025-01-13,L,
E0034,01/14/2025,P,8
E0034,01/15/2025,Present,8
E0034,16 Jan 2025,Work From Home,8
E0034,17-01-2025,PRESENT,8
E0034,01/20/2025,present,8
E0034,01/21/2025,PRESENT,8
E0034,22-01-2025,PRESENT,9
E0034,23-01-2025,PRESENT,7.5
E0034,2025-01-27,Present,8
E0034,28 Jan 2025,P,9
E0034,01/29/2025,Absent,
E0034,30-01-2025,absent,
E0034,01/31/2025,Present,8
E0034,03-02-2025,Present,8
E0034,02/04/2025,leave,
E0034,06-02-2025,Present,8
E0034,2025-02-07,P,9
E0034,10-02-2025,PRESENT,8
E0034,12-02-2025,P,8
E0034,02/13/2025,WFH,7
E0034,14-02-2025,Absent,
E0034,2025-02-17,Present,7.5
E0034,18-02-2025,WFH,8
E0034,2025-02-19,PRESENT,7
E0034,02/20/2025,P,8
E0034,2025-02-21,Present,7.5
E0034,02/24/2025,Present,8
E0034,26 Feb 2025,PRESENT,8
E0034,27-02-2025,PRESENT,9
E0034,02/28/2025,present,9
E0034,03/04/2025,Present,9
E0034,06 Mar 2025,Absent,
E0034,07 Mar 2025,PRESENT,8
E0034,10 Mar 2025,PRESENT,8
E0034,11-03-2025,Absent,
E0034,12-03-2025,PRESENT,8
E0034,13-03-2025,Present,9
E0034,2025-03-14,P,7.5
E0036,03-01-2025,Present,8
E0036,06 Jan 2025,P,8
E0036,07-01-2025,PRESENT,8
E0036,2025-01-08,P,7.5
E0036,09 Jan 2025,PRESENT,8
E0036,13-01-2025,Present,7.5
E0036,01/14/2025,leave,
E0036,15 Jan 2025,PRESENT,7.5
E0036,2025-01-17,present,9
E0036,2025-01-20,present,8
E0036,21 Jan 2025,Present,7.5
E0036,01/22/2025,On Leave,
E0036,2025-01-23,present,7.5
E0036,27-01-2025,P,8
E0036,28-01-2025,WFH,7.5
E0036,29 Jan 2025,wfh,7
E0036,2025-01-30,Present,7
E0036,31-01-2025,present,7.5
E0036,2025-02-03,PRESENT,8
E0036,2025-02-05,P,7
E0036,2025-02-06,P,7
E0036,02/07/2025,P,7.5
E0036,02/10/2025,P,8
E0036,11-02-2025,P,9
E0036,02/12/2025,L,
E0036,2025-02-13,leave,
E0036,02/17/2025,Work From Home,8
E0036,18-02-2025,PRESENT,8
E0036,2025-02-20,A,
E0036,02/21/2025,Present,8
E0036,02/24/2025,PRESENT,8
E0036,25-02-2025,Present,8
E0036,27-02-2025,PRESENT,8
E0036,2025-02-28,Present,8
E0036,03/03/2025,PRESENT,8
E0036,03/04/2025,present,9
E0036,03/06/2025,Present,8
E0036,07 Mar 2025,PRESENT,7.5
E0036,2025-03-11,WFH,8
E0036,2025-03-12,P,9
E0036,03/13/2025,present,8
E0036,17 Mar 2025,PRESENT,8
E0036,03/18/2025,P,7
E0036,2025-03-20,PRESENT,8
E0037,03-01-2025,P,8
E0037,2025-01-06,present,8
E0037,2025-01-07,PRESENT,7.5
E0037,08 Jan 2025,P,7.5
E0037,09-01-2025,P,7
E0037,10-01-2025,Present,8
E0037,13-01-2025,Present,7
E0037,01/14/2025,P,7.5
E0037,15-01-2025,PRESENT,9
E0037,17-01-2025,present,7
E0037,20-01-2025,present,7.5
E0037,22-01-2025,P,8
E0037,01/23/2025,P,7.5
E0037,24 Jan 2025,A,
E0037,01/27/2025,Present,7.5
E0037,28 Jan 2025,present,8
E0037,29 Jan 2025,Present,8
E0037,30-01-2025,P,8
E0037,03-02-2025,Absent,
E0037,2025-02-04,P,7
E0037,2025-02-05,P,7
E0037,06-02-2025,P,8
E0037,07 Feb 2025,present,8
E0037,02/10/2025,PRESENT,8
E0037,2025-02-11,A,
E0037,13 Feb 2025,P,8
E0037,2025-02-14,PRESENT,7.5
E0037,02/17/2025,Present,9
E0037,18 Feb 2025,Present,8
E0037,02/19/2025,present,7
E0037,21-02-2025,P,7
E0037,24 Feb 2025,Leave,
E0037,2025-02-25,Present,7.5
E0037,02/26/2025,P,7.5
E0037,2025-02-27,P,9
E0037,02/28/2025,present,8
E0037,2025-03-03,present,7
E0037,03/05/2025,Present,8
E0037,07 Mar 2025,present,8
E0037,10 Mar 2025,absent,
E0037,03/12/2025,Leave,
E0037,13-03-2025,P,7.5
E0037,14 Mar 2025,PRESENT,8
E0038,01/02/2025,WFH,8
E0038,03-01-2025,Present,8
E0038,06 Jan 2025,Present,8
E0038,01/07/2025,Present,7.5
E0038,01/08/2025,wfh,7
E0038,10-01-2025,Present,8
E0038,01/13/2025,L,
E0038,14 Jan 2025,Present,7
E0038,2025-01-15,P,8
E0038,01/16/2025,Present,7
E0038,01/21/2025,P,9
E0038,23 Jan 2025,present,7
E0038,2025-01-24,leave,
E0038,01/28/2025,On Leave,
E0038,29-01-2025,present,8
E0038,30-01-2025,On Leave,
E0038,2025-01-31,P,7.5
E0038,02/03/2025,present,8
E0038,05-02-2025,Present,9
E0038,2025-02-06,present,8
E0038,2025-02-07,PRESENT,8
E0038,2025-02-10,Present,7
E0038,12-02-2025,P,8
E0038,2025-02-13,On Leave,
E0038,02/14/2025,present,7
E0038,18-02-2025,WFH,8
E0038,19-02-2025,P,8
E0038,20-02-2025,P,8
E0038,24 Feb 2025,present,7.5
E0038,2025-02-25,Present,9
E0038,2025-02-26,PRESENT,7
E0038,02/27/2025,A,
E0038,28-02-2025,P,8
E0038,03 Mar 2025,wfh,8
E0038,05 Mar 2025,PRESENT,7.5
E0038,07-03-2025,present,7.5
E0038,2025-03-10,wfh,8
E0038,2025-03-12,PRESENT,8
E0038,13-03-2025,A,
E0038,03/14/2025,PRESENT,8
E0038,18-03-2025,Present,8
E0038,19-03-2025,present,8
E0038,20 Mar 2025,PRESENT,7
E0038,21 Mar 2025,PRESENT,8
E0039,02-01-2025,present,7.5
E0039,03 Jan 2025,Present,7.5
E0039,06-01-2025,PRESENT,8
E0039,01/07/2025,Present,8
E0039,08-01-2025,P,7
E0039,09 Jan 2025,PRESENT,9
E0039,10-01-2025,PRESENT,7.5
E0039,13 Jan 2025,wfh,8
E0039,14-01-2025,present,8
E0039,15-01-2025,wfh,7
E0039,2025-01-16,A,
E0039,01/17/2025,Present,9
E0039,20 Jan 2025,WFH,8
E0039,21 Jan 2025,Leave,
E0039,2025-01-23,present,8
E0039,24 Jan 2025,PRESENT,7.5
E0039,27-01-2025,P,8
E0039,28 Jan 2025,Present,8
E0039,01/29/2025,P,7.5
E0039,01/30/2025,P,9
E0039,2025-01-31,absent,
E0039,04 Feb 2025,present,8
E0039,05-02-2025,L,
E0039,06 Feb 2025,PRESENT,8
E0039,07-02-2025,Present,8
E0039,2025-02-10,P,8
E0039,2025-02-11,present,9
E0039,12-02-2025,PRESENT,8
E0039,13 Feb 2025,PRESENT,8
E0039,02/17/2025,P,9
E0039,18-02-2025,Present,7.5
E0039,2025-02-19,P,8
E0039,02/21/2025,PRESENT,7
E0039,2025-02-24,P,8
E0039,26-02-2025,present,7.5
E0039,2025-02-27,PRESENT,8
E0039,2025-02-28,present,7
E0039,2025-03-03,present,8
E0039,03/04/2025,wfh,8
E0039,05-03-2025,present,7
E0039,03/06/2025,Present,8
E0039,07 Mar 2025,wfh,8
E0039,10-03-2025,Present,9
E0039,2025-03-12,L,
E0039,13-03-2025,leave,
E0040,02-01-2025,present,9
E0040,03 Jan 2025,PRESENT,8
E0040,06-01-2025,PRESENT,7.5
E0040,01/07/2025,P,7.5
E0040,08 Jan 2025,P,7.5
E0040,01/09/2025,Present,8
E0040,01/10/2025,P,8
E0040,01/14/2025,P,9
E0040,01/15/2025,present,8
E0040,16 Jan 2025,P,9
E0040,01/17/2025,PRESENT,7
E0040,21 Jan 2025,Work From Home,7.5
E0040,22-01-2025,PRESENT,9
E0040,23 Jan 2025,present,8
E0040,27-01-2025,present,8
E0040,28 Jan 2025,PRESENT,8
E0040,2025-01-30,PRESENT,7
E0040,03 Feb 2025,Present,8
E0040,02/05/2025,present,8
E0040,2025-02-06,wfh,8
E0040,07-02-2025,Present,9
E0040,2025-02-10,absent,
E0040,02/11/2025,present,8
E0040,02/12/2025,absent,
E0040,2025-02-13,absent,
E0040,17-02-2025,WFH,7
E0040,02/19/2025,Absent,
E0040,02/20/2025,present,9
E0040,21 Feb 2025,Present,8
E0040,24-02-2025,P,7
E0040,2025-02-25,P,7.5
E0040,2025-02-26,Present,8
E0040,28 Feb 2025,PRESENT,9
E0040,2025-03-03,present,8
E0040,05-03-2025,present,8
E0040,07-03-2025,PRESENT,8
E0040,03/10/2025,Present,8
E0040,2025-03-12,Present,9
E0040,03/13/2025,Present,7
E0040,03/14/2025,L,
E0040,03/18/2025,P,8
E0042,2025-01-03,PRESENT,9
E0042,2025-01-06,P,7
E0042,07 Jan 2025,P,8
E0042,08 Jan 2025,WFH,8
E0042,10 Jan 2025,Present,7
E0042,13-01-2025,Present,7.5
E0042,14 Jan 2025,Present,7
E0042,16 Jan 2025,P,7.5
E0042,2025-01-20,PRESENT,9
E0042,01/21/2025,PRESENT,8
E0042,2025-01-22,present,8
E0042,01/23/2025,present,8
E0042,2025-01-24,P,7
E0042,2025-01-27,Present,7
E0042,28 Jan 2025,Present,8
E0042,01/29/2025,P,8
E0042,30-01-2025,present,8
E0042,2025-01-31,P,8
E0042,02/03/2025,wfh,8
E0042,02/04/2025,Present,9
E0042,05 Feb 2025,Present,7.5
E0042,06 Feb 2025,PRESENT,9
E0042,07-02-2025,present,7.5
E0042,10-02-2025,Present,8
E0042,11 Feb 2025,P,8
E0042,12 Feb 2025,Present,7.5
E0042,2025-02-14,P,8
E0042,02/17/2025,wfh,8
E0042,2025-02-19,P,9
E0042,2025-02-20,P,9
E0042,2025-02-21,PRESENT,8
E0042,2025-02-24,present,8
E0042,25 Feb 2025,WFH,7.5
E0042,2025-02-26,Present,8
E0042,27-02-2025,PRESENT,8
E0042,28 Feb 2025,PRESENT,9
E0042,2025-03-03,wfh,8
E0042,04 Mar 2025,WFH,9
E0042,06-03-2025,P,9
E0042,03/07/2025,present,9
E0042,11-03-2025,Absent,
E0042,13-03-2025,Present,8
E0042,14-03-2025,WFH,9
E0043,02-01-2025,leave,
E0043,06-01-2025,A,
E0043,2025-01-07,present,9
E0043,01/08/2025,Present,8
E0043,2025-01-10,Present,8
E0043,13 Jan 2025,Present,8
E0043,14-01-2025,Present,7.5
E0043,15-01-2025,Present,7.5
E0043,01/16/2025,P,7
E0043,01/17/2025,A,
E0043,2025-01-20,PRESENT,7.5
E0043,01/21/2025,P,7.5
E0043,2025-01-22,On Leave,
E0043,23 Jan 2025,PRESENT,7
E0043,24 Jan 2025,PRESENT,9
E0043,28 Jan 2025,present,9
E0043,2025-01-29,PRESENT,7.5
E0043,01/30/2025,present,8
E0043,02/03/2025,wfh,9
E0043,05 Feb 2025,PRESENT,8
E0043,2025-02-06,Present,9
E0043,2025-02-07,P,8
E0043,02/10/2025,P,8
E0043,11 Feb 2025,P,8
E0043,2025-02-13,present,8
E0043,14-02-2025,P,8
E0043,18 Feb 2025,PRESENT,8
E0043,02/19/2025,present,8
E0043,20-02-2025,PRESENT,7
E0043,2025-02-21,Absent,
E0043,02/25/2025,Present,9
E0043,2025-02-26,leave,
E0043,27-02-2025,present,8
E0043,28 Feb 2025,PRESENT,7
E0043,03/03/2025,P,9
E0043,03/05/2025,P,9
E0043,06 Mar 2025,PRESENT,7.5
E0043,07 Mar 2025,L,
E0043,03/11/2025,Present,7.5
E0043,12-03-2025,PRESENT,8
E0043,03/14/2025,On Leave,
E0044,02-01-2025,PRESENT,8
E0044,01/03/2025,present,8
E0044,2025-01-07,P,7
E0044,09-01-2025,P,9
E0044,13 Jan 2025,Present,9
E0044,14 Jan 2025,present,8
E0044,16-01-2025,P,8
E0044,17 Jan 2025,Present,8
E0044,01/20/2025,PRESENT,7
E0044,22-01-2025,P,9
E0044,23 Jan 2025,PRESENT,7.5
E0044,28 Jan 2025,Present,8
E0044,29 Jan 2025,PRESENT,8
E0044,2025-01-30,Present,8
E0044,31 Jan 2025,P,7
E0044,03-02-2025,PRESENT,9
E0044,05-02-2025,Present,8
E0044,2025-02-06,P,8
E0044,02/07/2025,wfh,8
E0044,02/10/2025,PRESENT,7
E0044,2025-02-11,Present,8
E0044,2025-02-13,present,9
E0044,14-02-2025,absent,
E0044,17-02-2025,present,9
E0044,2025-02-18,present,8
E0044,19 Feb 2025,Present,8
E0044,20 Feb 2025,PRESENT,7
E0044,02/21/2025,P,9
E0044,02/25/2025,PRESENT,7
E0044,26-02-2025,PRESENT,7.5
E0044,27 Feb 2025,P,8
E0044,28-02-2025,P,8
E0044,03 Mar 2025,P,7.5
E0044,05 Mar 2025,present,9
E0044,06 Mar 2025,Present,9
E0044,2025-03-07,PRESENT,8
E0044,03/10/2025,Present,7.5
E0044,2025-03-11,P,7
E0044,03/13/2025,Work From Home,8
E0044,2025-03-17,present,7
E0044,18 Mar 2025,L,
E0045,2025-01-02,P,8
E0045,2025-01-03,Present,9
E0045,06 Jan 2025,L,
E0045,01/07/2025,absent,
E0045,2025-01-08,Present,8
E0045,10 Jan 2025,Present,8
E0045,01/14/2025,Present,8
E0045,15 Jan 2025,Present,8
E0045,16 Jan 2025,present,7.5
E0045,17 Jan 2025,WFH,9
E0045,21 Jan 2025,present,7.5
E0045,22-01-2025,PRESENT,7
E0045,23 Jan 2025,P,7.5
E0045,24-01-2025,absent,
E0045,27-01-2025,Present,7
E0045,29 Jan 2025,L,
E0045,30-01-2025,absent,
E0045,31 Jan 2025,Present,8
E0045,04-02-2025,P,8
E0045,05-02-2025,PRESENT,8
E0045,02/06/2025,PRESENT,7.5
E0045,10 Feb 2025,Present,8
E0045,11 Feb 2025,PRESENT,8
E0045,2025-02-12,A,
E0045,2025-02-13,present,7.5
E0045,2025-02-14,PRESENT,8
E0045,17 Feb 2025,PRESENT,8
E0045,2025-02-18,present,7.5
E0045,02/20/2025,present,7
E0045,2025-02-21,Present,8
E0045,02/25/2025,present,8
E0045,02/26/2025,P,8
E0045,28-02-2025,P,7
E0045,03-03-2025,present,8
E0045,04-03-2025,P,8
E0045,05-03-2025,PRESENT,9
E0045,07-03-2025,PRESENT,8
E0045,2025-03-10,present,7.5
E0045,11 Mar 2025,present,7.5
E0045,2025-03-12,PRESENT,8
E0045,2025-03-13,Present,7.5
E0045,14 Mar 2025,present,8
E0046,02-01-2025,Present,8
E0046,03 Jan 2025,P,7
E0046,06-01-2025,PRESENT,8
E0046,08 Jan 2025,Leave,
E0046,2025-01-09,P,7
E0046,14 Jan 2025,PRESENT,8
E0046,01/15/2025,Work From Home,8
E0046,16 Jan 2025,PRESENT,9
E0046,17-01-2025,WFH,8
E0046,20 Jan 2025,present,7
E0046,01/21/2025,P,8
E0046,2025-01-22,present,7.5
E0046,2025-01-23,P,7
E0046,01/24/2025,present,8
E0046,01/27/2025,Absent,
E0046,28 Jan 2025,Work From Home,9
E0046,2025-01-29,PRESENT,8
E0046,2025-01-30,PRESENT,9
E0046,31 Jan 2025,P,8
E0046,03 Feb 2025,P,7
E0046,2025-02-04,present,8
E0046,02/05/2025,Absent,
E0046,2025-02-06,PRESENT,7
E0046,10 Feb 2025,present,7.5
E0046,2025-02-11,present,7.5
E0046,13-02-2025,wfh,8
E0046,17-02-2025,P,7
E0046,2025-02-18,PRESENT,8
E0046,02/20/2025,WFH,8
E0046,02/21/2025,P,7.5
E0046,2025-02-24,PRESENT,8
E0046,2025-02-25,present,7
E0046,02/26/2025,L,
E0046,2025-02-27,present,8
E0046,28-02-2025,PRESENT,8
E0046,04-03-2025,P,7
E0046,2025-03-05,P,7
E0046,07-03-2025,PRESENT,9
E0046,10 Mar 2025,Present,8
E0046,11 Mar 2025,P,8
E0046,2025-03-13,On Leave,
E0046,14 Mar 2025,PRESENT,8
E0046,17 Mar 2025,Present,8
E0046,03/18/2025,PRESENT,8
E0047,02 Jan 2025,leave,
E0047,01/03/2025,PRESENT,9
E0047,06-01-2025,Present,7
E0047,2025-01-07,Present,8
E0047,01/08/2025,present,8
E0047,2025-01-10,WFH,7.5
E0047,14 Jan 2025,P,7
E0047,15 Jan 2025,P,8
E0047,16-01-2025,P,8
E0047,17-01-2025,wfh,8
E0047,2025-01-20,wfh,8
E0047,2025-01-21,present,7
E0047,23-01-2025,Present,8
E0047,24-01-2025,P,8
E0047,2025-01-27,absent,
E0047,28 Jan 2025,WFH,9
E0047,2025-01-30,PRESENT,9
E0047,31-01-2025,present,7.5
E0047,02/03/2025,Present,7
E0047,04 Feb 2025,P,7.5
E0047,02/05/2025,present,9
E0047,02/06/2025,Leave,
E0047,2025-02-07,PRESENT,8
E0047,10-02-2025,absent,
E0047,12-02-2025,present,8
E0047,14-02-2025,present,7.5
E0047,17 Feb 2025,Present,7
E0047,02/19/2025,wfh,8
E0047,02/20/2025,P,8
E0047,21-02-2025,PRESENT,8
E0047,02/25/2025,present,7.5
E0047,02/26/2025,Absent,
E0047,27-02-2025,P,8
E0047,2025-02-28,present,9
E0047,2025-03-03,PRESENT,7.5
E0047,05-03-2025,present,8
E0047,07-03-2025,present,7.5
E0047,10 Mar 2025,PRESENT,7
E0047,12 Mar 2025,On Leave,
E0047,2025-03-14,Work From Home,8
E0047,03/17/2025,PRESENT,8
E0048,02 Jan 2025,P,8
E0048,2025-01-03,PRESENT,8
E0048,01/07/2025,present,7
E0048,2025-01-09,Absent,
E0048,10 Jan 2025,leave,
E0048,13 Jan 2025,wfh,7.5
E0048,01/14/2025,present,7
E0048,15-01-2025,present,8
E0048,01/16/2025,present,8
E0048,01/17/2025,present,9
E0048,20 Jan 2025,P,8
E0048,2025-01-22,L,
E0048,23-01-2025,PRESENT,7
E0048,24-01-2025,PRESENT,7.5
E0048,01/27/2025,P,7.5
E0048,29 Jan 2025,A,
E0048,31-01-2025,present,8
E0048,02/03/2025,Leave,
E0048,04-02-2025,PRESENT,8
E0048,05 Feb 2025,Present,9
E0048,06 Feb 2025,PRESENT,7
E0048,07-02-2025,PRESENT,8
E0048,02/10/2025,P,8
E0048,12-02-2025,present,8
E0048,2025-02-13,wfh,8
E0048,14 Feb 2025,L,
E0048,2025-02-17,PRESENT,9
E0048,2025-02-18,PRESENT,8
E0048,19 Feb 2025,Present,9
E0048,20 Feb 2025,present,8
E0048,21 Feb 2025,P,8
E0048,24-02-2025,Present,8
E0048,25 Feb 2025,WFH,8
E0048,27 Feb 2025,Present,8
E0048,04 Mar 2025,A,
E0048,2025-03-05,present,7
E0048,06 Mar 2025,P,7
E0048,03/07/2025,PRESENT,8
E0048,10 Mar 2025,absent,
E0048,2025-03-11,present,7.5
E0048,13-03-2025,present,8
E0048,2025-03-14,present,8
E0048,03/18/2025,P,9
E0048,2025-03-20,P,8
E0049,02-01-2025,present,8
E0049,2025-01-03,PRESENT,8
E0049,06-01-2025,Present,7.5
E0049,01/07/2025,P,8
E0049,08 Jan 2025,P,7.5
E0049,09-01-2025,leave,
E0049,01/10/2025,Work From Home,7
E0049,01/13/2025,present,7.5
E0049,15-01-2025,present,7.5
E0049,16 Jan 2025,Present,8
E0049,01/20/2025,present,8
E0049,2025-01-22,P,9
E0049,23 Jan 2025,absent,
E0049,2025-01-24,present,8
E0049,01/27/2025,On Leave,
E0049,28 Jan 2025,wfh,9
E0049,2025-01-29,present,9
E0049,30 Jan 2025,Present,8
E0049,03 Feb 2025,present,7
E0049,02/04/2025,L,
E0049,2025-02-05,Present,9
E0049,06 Feb 2025,wfh,7
E0049,2025-02-11,P,8
E0049,2025-02-12,P,7.5
E0049,2025-02-13,WFH,9
E0049,14-02-2025,Present,8
E0049,02/17/2025,present,8
E0049,18-02-2025,P,9
E0049,19 Feb 2025,P,8
E0049,2025-02-21,P,7.5
E0049,24 Feb 2025,P,8
E0049,02/25/2025,P,7.5
E0049,2025-02-26,wfh,7
E0049,28-02-2025,PRESENT,7
E0049,2025-03-03,Present,7
E0049,03/05/2025,PRESENT,7
E0049,03/06/2025,P,7.5
E0049,2025-03-07,present,8
E0049,03/10/2025,present,8
E0049,12-03-2025,Present,8
E0049,03/13/2025,WFH,8
E0049,03/14/2025,L,
E0049,18 Mar 2025,wfh,8
E0050,01/02/2025,Present,8
E0050,03 Jan 2025,P,7.5
E0050,06-01-2025,L,
E0050,07 Jan 2025,PRESENT,8
E0050,01/08/2025,present,8
E0050,09 Jan 2025,Work From Home,8
E0050,14 Jan 2025,Present,8
E0050,16-01-2025,PRESENT,9
E0050,01/17/2025,Present,8
E0050,01/20/2025,PRESENT,8
E0050,21 Jan 2025,WFH,9
E0050,22-01-2025,Present,7.5
E0050,2025-01-24,WFH,9
E0050,28 Jan 2025,Present,7
E0050,2025-01-29,Leave,
E0050,01/30/2025,leave,
E0050,03-02-2025,L,
E0050,2025-02-04,present,8
E0050,2025-02-06,PRESENT,7.5
E0050,2025-02-11,absent,
E0050,2025-02-12,absent,
E0050,13 Feb 2025,P,7
E0050,14-02-2025,present,7
E0050,2025-02-18,PRESENT,7.5
E0050,2025-02-20,PRESENT,8
E0050,21-02-2025,P,7.5
E0050,24 Feb 2025,Present,8
E0050,02/25/2025,Present,8
E0050,26 Feb 2025,Present,7.5
E0050,27-02-2025,present,8
E0050,28-02-2025,PRESENT,7
E0050,03/03/2025,Work From Home,8
E0050,04-03-2025,present,8
E0050,05 Mar 2025,present,8
E0050,03/06/2025,Leave,
E0050,2025-03-07,present,8
E0050,03/10/2025,Present,8
E0050,03/11/2025,present,7
E0050,12-03-2025,Present,8
E0050,13-03-2025,Present,8
E0050,14 Mar 2025,P,8
E0051,01/02/2025,P,8
E0051,06 Jan 2025,wfh,8
E0051,01/07/2025,PRESENT,7.5
E0051,2025-01-08,present,8
E0051,2025-01-09,Present,8
E0051,01/10/2025,P,9
E0051,01/13/2025,leave,
E0051,15 Jan 2025,P,8
E0051,2025-01-17,Work From Home,8
E0051,01/20/2025,present,7.5
E0051,21 Jan 2025,PRESENT,8
E0051,01/22/2025,present,8
E0051,24 Jan 2025,P,8
E0051,27 Jan 2025,present,9
E0051,01/29/2025,P,7
E0051,01/31/2025,present,8
E0051,02/03/2025,PRESENT,8
E0051,04-02-2025,P,8
E0051,05-02-2025,Absent,
E0051,06-02-2025,WFH,8
E0051,02/07/2025,Work From Home,7.5
E0051,10 Feb 2025,PRESENT,8
E0051,2025-02-12,present,8
E0051,02/13/2025,Absent,
E0051,14 Feb 2025,P,7.5
E0051,17-02-2025,present,8
E0051,18 Feb 2025,P,8
E0051,2025-02-20,Present,8
E0051,2025-02-25,L,
E0051,02/26/2025,Work From Home,7
E0051,27-02-2025,P,7.5
E0051,28-02-2025,Work From Home,8
E0051,2025-03-03,P,7.5
E0051,04-03-2025,PRESENT,8
E0051,03/06/2025,present,7
E0051,07-03-2025,P,8
E0051,10-03-2025,PRESENT,8
E0051,11-03-2025,Leave,
E0051,12 Mar 2025,P,8
E0051,13 Mar 2025,PRESENT,9
E0051,2025-03-14,P,8
E0051,2025-03-17,P,8
E0051,2025-03-18,Leave,
E0052,01/02/2025,present,7
E0052,01/03/2025,Present,7.5
E0052,06-01-2025,PRESENT,8
E0052,2025-01-07,P,9
E0052,01/08/2025,Present,9
E0052,01/09/2025,Leave,
E0052,10 Jan 2025,Present,7
E0052,01/13/2025,P,8
E0052,15 Jan 2025,A,
E0052,01/16/2025,Present,8
E0052,01/17/2025,present,8
E0052,01/20/2025,PRESENT,7.5
E0052,22 Jan 2025,PRESENT,8
E0052,01/23/2025,PRESENT,8
E0052,01/24/2025,PRESENT,8
E0052,27 Jan 2025,Present,8
E0052,28-01-2025,P,7
E0052,29-01-2025,PRESENT,9
E0052,2025-01-30,PRESENT,8
E0052,02/04/2025,P,8
E0052,2025-02-05,Present,9
E0052,07 Feb 2025,P,8
E0052,11 Feb 2025,present,9
E0052,13 Feb 2025,WFH,8
E0052,02/14/2025,Present,8
E0052,02/17/2025,P,8
E0052,18 Feb 2025,Present,8
E0052,02/19/2025,PRESENT,7.5
E0052,21 Feb 2025,P,8
E0052,24-02-2025,WFH,8
E0052,2025-02-25,wfh,8
E0052,26 Feb 2025,P,7.5
E0052,02/28/2025,PRESENT,9
E0052,2025-03-04,present,8
E0052,05 Mar 2025,present,8
E0052,03/06/2025,PRESENT,8
E0052,2025-03-07,wfh,7.5
E0052,03/10/2025,PRESENT,9
E0052,03/11/2025,wfh,8
E0052,12 Mar 2025,Absent,
E0052,14-03-2025,leave,
E0052,17 Mar 2025,Present,8
E0054,2025-01-02,P,7.5
E0054,01/03/2025,Present,8
E0054,01/06/2025,P,8
E0054,01/07/2025,Work From Home,8
E0054,08-01-2025,wfh,8
E0054,2025-01-09,present,8
E0054,10-01-2025,absent,
E0054,13 Jan 2025,Present,7
E0054,14 Jan 2025,present,8
E0054,2025-01-15,PRESENT,7
E0054,01/17/2025,P,8
E0054,20 Jan 2025,PRESENT,8
E0054,21-01-2025,P,8
E0054,2025-01-23,P,7.5
E0054,24-01-2025,PRESENT,8
E0054,01/28/2025,Present,7.5
E0054,2025-01-29,present,7
E0054,30-01-2025,P,8
E0054,03 Feb 2025,P,9
E0054,04 Feb 2025,Present,7.5
E0054,02/05/2025,PRESENT,7.5
E0054,02/06/2025,Present,7
E0054,02/10/2025,present,7.5
E0054,2025-02-11,P,7
E0054,13-02-2025,P,8
E0054,02/14/2025,Present,7.5
E0054,2025-02-17,Present,8
E0054,18-02-2025,present,8
E0054,19 Feb 2025,PRESENT,8
E0054,2025-02-20,A,
E0054,21-02-2025,PRESENT,8
E0054,02/24/2025,P,7.5
E0054,02/25/2025,Present,9
E0054,02/26/2025,PRESENT,9
E0054,02/27/2025,Present,9
E0054,28-02-2025,Present,8
E0054,2025-03-03,P,9
E0054,05 Mar 2025,wfh,7.5
E0054,03/07/2025,PRESENT,9
E0054,10-03-2025,Leave,
E0054,11 Mar 2025,Work From Home,8
E0054,03/12/2025,PRESENT,7.5
E0054,2025-03-14,PRESENT,7
E0055,03-01-2025,PRESENT,7
E0055,06-01-2025,present,7
E0055,01/08/2025,Present,7
E0055,2025-01-10,leave,
E0055,13-01-2025,present,7.5
E0055,15 Jan 2025,Present,7
E0055,01/17/2025,absent,
E0055,2025-01-20,Work From Home,9
E0055,2025-01-22,PRESENT,7
E0055,23-01-2025,P,7
E0055,27-01-2025,A,
E0055,28 Jan 2025,PRESENT,8
E0055,01/29/2025,PRESENT,9
E0055,01/30/2025,PRESENT,8
E0055,04 Feb 2025,Work From Home,7.5
E0055,2025-02-06,P,7
E0055,07 Feb 2025,PRESENT,9
E0055,02/10/2025,leave,
E0055,02/11/2025,present,8
E0055,12-02-2025,absent,
E0055,14-02-2025,Leave,
E0055,17-02-2025,PRESENT,8
E0055,18 Feb 2025,PRESENT,8
E0055,20 Feb 2025,PRESENT,9
E0055,02/21/2025,P,7.5
E0055,2025-02-25,Present,9
E0055,26-02-2025,PRESENT,7.5
E0055,27-02-2025,Present,8
E0055,2025-02-28,Present,7
E0055,03 Mar 2025,PRESENT,9
E0055,04 Mar 2025,PRESENT,8
E0055,05 Mar 2025,P,8
E0055,2025-03-06,Present,8
E0055,07-03-2025,P,8
E0055,10-03-2025,wfh,8
E0055,12 Mar 2025,P,7
E0055,13-03-2025,Present,7.5
E0055,17 Mar 2025,present,8
E0055,18 Mar 2025,P,7.5
E0055,19-03-2025,present,8
E0055,2025-03-21,present,8
E0055,24 Mar 2025,Present,9
E0055,03/25/2025,leave,
E0057,01/02/2025,present,7
E0057,01/06/2025,P,9
E0057,2025-01-08,present,7.5
E0057,10-01-2025,P,9
E0057,13 Jan 2025,Present,8
E0057,14-01-2025,absent,
E0057,15 Jan 2025,Present,8
E0057,16-01-2025,P,7
E0057,17 Jan 2025,PRESENT,8
E0057,01/20/2025,Present,8
E0057,2025-01-21,PRESENT,8
E0057,23 Jan 2025,present,8
E0057,01/24/2025,present,7.5
E0057,28-01-2025,Present,8
E0057,29-01-2025,PRESENT,8
E0057,2025-01-30,On Leave,
E0057,01/31/2025,On Leave,
E0057,04 Feb 2025,Present,7.5
E0057,02/05/2025,present,8
E0057,02/06/2025,Present,8
E0057,2025-02-07,P,9
E0057,2025-02-11,P,7
E0057,13 Feb 2025,PRESENT,8
E0057,14 Feb 2025,present,8
E0057,17-02-2025,Present,8
E0057,02/19/2025,Present,9
E0057,20 Feb 2025,P,8
E0057,21 Feb 2025,PRESENT,8
E0057,2025-02-25,present,8
E0057,26-02-2025,PRESENT,8
E0057,02/27/2025,PRESENT,8
E0057,02/28/2025,Work From Home,7.5
E0057,03 Mar 2025,A,
E0057,03/04/2025,P,9
E0057,2025-03-05,A,
E0057,2025-03-06,PRESENT,9
E0057,03/07/2025,A,
E0057,10 Mar 2025,PRESENT,7.5
E0057,2025-03-11,P,9
E0057,13-03-2025,present,8
E0057,14 Mar 2025,P,8
E0058,02 Jan 2025,absent,
E0058,07 Jan 2025,Present,8
E0058,08-01-2025,P,8
E0058,09-01-2025,PRESENT,7
E0058,10-01-2025,PRESENT,7.5
E0058,13-01-2025,Present,7
E0058,2025-01-14,wfh,8
E0058,2025-01-16,present,8
E0058,17-01-2025,On Leave,
E0058,01/20/2025,absent,
E0058,2025-01-21,WFH,8
E0058,01/23/2025,present,8
E0058,01/24/2025,present,7.5
E0058,27 Jan 2025,PRESENT,8
E0058,29 Jan 2025,Present,7
E0058,31 Jan 2025,P,8
E0058,03 Feb 2025,L,
E0058,04 Feb 2025,P,8
E0058,06-02-2025,PRESENT,7.5
E0058,11 Feb 2025,PRESENT,8
E0058,12 Feb 2025,PRESENT,7.5
E0058,02/14/2025,wfh,8
E0058,2025-02-17,Present,8
E0058,18 Feb 2025,P,8
E0058,02/20/2025,PRESENT,8
E0058,02/21/2025,PRESENT,8
E0058,2025-02-24,L,
E0058,02/25/2025,Present,9
E0058,26-02-2025,Present,8
E0058,27 Feb 2025,PRESENT,7.5
E0058,02/28/2025,On Leave,
E0058,03-03-2025,Present,7.5
E0058,04 Mar 2025,present,8
E0058,06-03-2025,On Leave,
E0058,07-03-2025,Present,7
E0058,03/10/2025,PRESENT,9
E0058,11-03-2025,present,7.5
E0058,12-03-2025,leave,
E0058,13 Mar 2025,present,7
E0058,2025-03-14,On Leave,
E0058,17-03-2025,present,9
E0058,18 Mar 2025,Present,7
E0060,02 Jan 2025,P,9
E0060,06 Jan 2025,wfh,8
E0060,07 Jan 2025,P,7.5
E0060,08-01-2025,Absent,
E0060,09 Jan 2025,Leave,
E0060,13 Jan 2025,Present,8
E0060,01/14/2025,present,8
E0060,2025-01-16,On Leave,
E0060,2025-01-20,present,8
E0060,01/22/2025,P,8
E0060,01/24/2025,Present,7.5
E0060,27 Jan 2025,P,8
E0060,28 Jan 2025,PRESENT,8
E0060,2025-01-29,Work From Home,7
E0060,30-01-2025,present,7
E0060,31-01-2025,PRESENT,7
E0060,03 Feb 2025,PRESENT,8
E0060,04-02-2025,PRESENT,8
E0060,05 Feb 2025,L,
E0060,06 Feb 2025,Present,7.5
E0060,2025-02-07,P,9
E0060,10 Feb 2025,P,8
E0060,02/11/2025,PRESENT,7
E0060,02/12/2025,present,8
E0060,14-02-2025,PRESENT,7.5
E0060,02/17/2025,P,7
E0060,19 Feb 2025,On Leave,
E0060,2025-02-20,P,8
E0060,02/24/2025,PRESENT,8
E0060,02/25/2025,Absent,
E0060,2025-02-26,PRESENT,8
E0060,2025-02-28,Work From Home,7
E0060,03 Mar 2025,present,7.5
E0060,2025-03-04,wfh,8
E0060,2025-03-06,P,8
E0060,07 Mar 2025,present,8
E0060,10 Mar 2025,P,7.5
E0060,12-03-2025,Work From Home,8
E0060,03/13/2025,P,8
E0060,03/17/2025,leave,
E0060,18 Mar 2025,PRESENT,8
E0061,02-01-2025,Present,9
E0061,01/03/2025,P,7
E0061,2025-01-07,present,8
E0061,01/08/2025,Present,7
E0061,09-01-2025,Present,8
E0061,10 Jan 2025,present,7.5
E0061,13-01-2025,PRESENT,8
E0061,2025-01-14,P,8
E0061,01/15/2025,Present,8
E0061,01/16/2025,PRESENT,9
E0061,20 Jan 2025,PRESENT,8
E0061,2025-01-22,Absent,
E0061,01/23/2025,P,7.5
E0061,24-01-2025,Present,7.5
E0061,2025-01-27,Present,8
E0061,28 Jan 2025,P,8
E0061,2025-01-29,wfh,9
E0061,2025-01-30,Leave,
E0061,31-01-2025,PRESENT,7
E0061,04 Feb 2025,P,8
E0061,05 Feb 2025,PRESENT,9
E0061,02/06/2025,wfh,9
E0061,2025-02-07,On Leave,
E0061,10-02-2025,PRESENT,7.5
E0061,02/11/2025,P,8
E0061,2025-02-12,Present,9
E0061,2025-02-13,absent,
E0061,02/14/2025,present,7.5
E0061,18 Feb 2025,On Leave,
E0061,19 Feb 2025,PRESENT,8
E0061,20-02-2025,Present,8
E0061,02/24/2025,wfh,8
E0061,25 Feb 2025,Absent,
E0061,2025-02-26,Present,7.5
E0061,02/28/2025,present,7
E0061,03-03-2025,P,7
E0061,2025-03-04,P,7
E0061,2025-03-05,present,8
E0061,2025-03-06,L,
E0061,07 Mar 2025,present,7
E0061,03/10/2025,WFH,7
E0061,2025-03-11,PRESENT,9
E0061,03/13/2025,P,7.5
E0061,14-03-2025,PRESENT,8
E0062,01/02/2025,Leave,
E0062,03-01-2025,PRESENT,7.5
E0062,06-01-2025,P,8
E0062,2025-01-08,PRESENT,7
E0062,2025-01-09,P,7.5
E0062,10-01-2025,Leave,
E0062,2025-01-13,present,8
E0062,14-01-2025,P,8
E0062,16 Jan 2025,present,8
E0062,17 Jan 2025,wfh,7.5
E0062,21-01-2025,PRESENT,7.5
E0062,2025-01-22,Present,8
E0062,2025-01-23,Work From Home,9
E0062,01/27/2025,Leave,
E0062,01/28/2025,Present,8
E0062,30-01-2025,PRESENT,7
E0062,31-01-2025,P,8
E0062,2025-02-03,present,9
E0062,05 Feb 2025,Work From Home,8
E0062,06 Feb 2025,Work From Home,7
E0062,07-02-2025,P,7
E0062,10-02-2025,present,8
E0062,2025-02-11,PRESENT,8
E0062,12-02-2025,present,8
E0062,13-02-2025,PRESENT,8
E0062,14-02-2025,leave,
E0062,2025-02-17,P,7
E0062,18-02-2025,present,7
E0062,19 Feb 2025,P,7
E0062,02/20/2025,Present,8
E0062,21-02-2025,present,7.5
E0062,02/24/2025,present,7.5
E0062,02/26/2025,PRESENT,8
E0062,02/28/2025,Present,8
E0062,2025-03-03,absent,
E0062,2025-03-04,P,8
E0062,05 Mar 2025,Present,9
E0062,06-03-2025,P,7
E0062,10-03-2025,present,9
E0062,03/11/2025,Present,7.5
E0062,03/12/2025,P,7.5
E0062,03/13/2025,wfh,7
E0062,14 Mar 2025,Absent,
E0063,02-01-2025,present,9
E0063,2025-01-03,P,8
E0063,01/06/2025,On Leave,
E0063,08 Jan 2025,present,8
E0063,09 Jan 2025,PRESENT,7
E0063,13 Jan 2025,Absent,
E0063,01/14/2025,Present,8
E0063,15 Jan 2025,P,7
E0063,01/16/2025,PRESENT,8
E0063,2025-01-20,absent,
E0063,21-01-2025,P,7.5
E0063,01/22/2025,P,7.5
E0063,2025-01-23,PRESENT,8
E0063,24 Jan 2025,PRESENT,9
E0063,01/27/2025,PRESENT,8
E0063,28-01-2025,Present,7.5
E0063,2025-01-29,P,8
E0063,2025-01-30,present,7
E0063,2025-02-03,P,9
E0063,2025-02-04,present,7.5
E0063,05 Feb 2025,leave,
E0063,06 Feb 2025,P,7.5
E0063,02/07/2025,Present,8
E0063,10 Feb 2025,On Leave,
E0063,12 Feb 2025,Present,7
E0063,2025-02-13,present,7.5
E0063,14 Feb 2025,Present,8
E0063,2025-02-18,Leave,
E0063,02/19/2025,Present,8
E0063,02/20/2025,PRESENT,8
E0063,21 Feb 2025,Work From Home,7.5
E0063,2025-02-24,present,8
E0063,25 Feb 2025,PRESENT,8
E0063,26-02-2025,Present,9
E0063,27-02-2025,present,7.5
E0063,02/28/2025,present,7.5
E0063,03/03/2025,P,7.5
E0063,2025-03-04,present,8
E0063,06 Mar 2025,Present,7.5
E0063,10 Mar 2025,present,9
E0063,11-03-2025,present,7.5
E0063,03/12/2025,P,7.5
E0063,03/13/2025,PRESENT,8
E0064,02 Jan 2025,Work From Home,7.5
E0064,03-01-2025,present,9
E0064,06-01-2025,P,7
E0064,07-01-2025,On Leave,
E0064,01/09/2025,present,7
E0064,10-01-2025,Absent,
E0064,2025-01-13,Present,8
E0064,14 Jan 2025,present,7
E0064,01/16/2025,On Leave,
E0064,01/17/2025,Present,8
E0064,2025-01-20,Present,9
E0064,22-01-2025,PRESENT,8
E0064,23-01-2025,Present,9
E0064,24-01-2025,present,9
E0064,2025-01-28,WFH,8
E0064,29-01-2025,A,
E0064,30-01-2025,Work From Home,8
E0064,31-01-2025,PRESENT,7.5
E0064,02/03/2025,Present,7.5
E0064,04 Feb 2025,Present,8
E0064,06-02-2025,P,8
E0064,2025-02-07,Present,9
E0064,2025-02-10,PRESENT,7
E0064,11-02-2025,P,8
E0064,02/12/2025,PRESENT,8
E0064,2025-02-13,Present,8
E0064,14-02-2025,absent,
E0064,17 Feb 2025,present,7.5
E0064,02/19/2025,Present,8
E0064,20-02-2025,PRESENT,7
E0064,2025-02-24,Leave,
E0064,25 Feb 2025,wfh,7.5
E0064,02/27/2025,On Leave,
E0064,03-03-2025,present,7.5
E0064,03/04/2025,PRESENT,9
E0064,03/05/2025,present,7
E0064,07 Mar 2025,present,8
E0064,10 Mar 2025,Work From Home,7
E0064,11 Mar 2025,absent,
E0064,12-03-2025,PRESENT,8
E0064,2025-03-13,present,9
E0064,03/14/2025,present,8
E0064,2025-03-18,P,8
E0066,01/02/2025,Present,8
E0066,2025-01-03,absent,
E0066,2025-01-06,Present,9
E0066,01/07/2025,Present,8
E0066,2025-01-08,On Leave,
E0066,2025-01-09,absent,
E0066,10-01-2025,present,7.5
E0066,14-01-2025,Present,8
E0066,01/15/2025,Present,9
E0066,2025-01-17,P,9
E0066,21-01-2025,Leave,
E0066,23-01-2025,PRESENT,8
E0066,01/27/2025,Present,7
E0066,28-01-2025,Absent,
E0066,01/29/2025,Present,8
E0066,30 Jan 2025,P,8
E0066,03-02-2025,A,
E0066,05 Feb 2025,On Leave,
E0066,06-02-2025,PRESENT,7.5
E0066,2025-02-07,Present,7
E0066,10-02-2025,P,8
E0066,02/11/2025,P,7.5
E0066,02/12/2025,wfh,8
E0066,2025-02-13,PRESENT,8
E0066,2025-02-17,Present,9
E0066,18-02-2025,P,9
E0066,19 Feb 2025,PRESENT,7.5
E0066,21-02-2025,Present,8
E0066,25-02-2025,Absent,
E0066,02/26/2025,Leave,
E0066,27 Feb 2025,Present,7
E0066,02/28/2025,Present,8
E0066,03-03-2025,PRESENT,8
E0066,05-03-2025,present,8
E0066,03/07/2025,P,8
E0066,03/10/2025,Present,7
E0066,11 Mar 2025,Leave,
E0066,03/12/2025,present,8
E0066,2025-03-14,present,9
E0066,17-03-2025,P,9
E0067,2025-01-02,Present,8
E0067,2025-01-03,wfh,8
E0067,06 Jan 2025,P,8
E0067,07 Jan 2025,A,
E0067,01/08/2025,leave,
E0067,2025-01-09,present,7.5
E0067,01/10/2025,PRESENT,8
E0067,01/13/2025,present,8
E0067,15-01-2025,Present,8
E0067,17 Jan 2025,Present,8
E0067,01/20/2025,present,8
E0067,01/21/2025,PRESENT,9
E0067,22-01-2025,Present,8
E0067,01/23/2025,wfh,7
E0067,2025-01-27,present,8
E0067,28 Jan 2025,PRESENT,7
E0067,30-01-2025,Present,7.5
E0067,2025-02-03,present,7.5
E0067,02/04/2025,WFH,8
E0067,2025-02-05,present,7.5
E0067,02/06/2025,Present,7
E0067,10 Feb 2025,P,8
E0067,12 Feb 2025,Present,7
E0067,2025-02-13,present,8
E0067,14-02-2025,Present,8
E0067,2025-02-17,Present,9
E0067,02/18/2025,present,9
E0067,2025-02-20,present,7
E0067,21 Feb 2025,PRESENT,7
E0067,25-02-2025,P,7.5
E0067,27 Feb 2025,L,
E0067,28-02-2025,PRESENT,7
E0067,04-03-2025,WFH,7.5
E0067,03/05/2025,PRESENT,7
E0067,03/06/2025,present,7
E0067,2025-03-07,present,7.5
E0067,10-03-2025,Present,8
E0067,11-03-2025,On Leave,
E0067,12-03-2025,Present,8
E0067,2025-03-13,present,8
E0067,14-03-2025,PRESENT,8
E0067,2025-03-18,PRESENT,8
E0067,2025-03-19,present,8
E0067,20-03-2025,P,8
E0068,01/02/2025,PRESENT,7
E0068,06 Jan 2025,absent,
E0068,07 Jan 2025,Work From Home,9
E0068,08-01-2025,Leave,
E0068,01/09/2025,P,8
E0068,10 Jan 2025,PRESENT,8
E0068,14 Jan 2025,A,
E0068,01/15/2025,present,8
E0068,2025-01-16,On Leave,
E0068,20-01-2025,P,9
E0068,22 Jan 2025,A,
E0068,24 Jan 2025,Present,8
E0068,01/27/2025,L,
E0068,2025-01-29,present,7
E0068,01/30/2025,present,7
E0068,01/31/2025,PRESENT,8
E0068,2025-02-03,PRESENT,7
E0068,05 Feb 2025,wfh,8
E0068,02/06/2025,present,7
E0068,07-02-2025,P,8
E0068,11-02-2025,PRESENT,8
E0068,12-02-2025,Present,8
E0068,2025-02-13,P,9
E0068,2025-02-14,PRESENT,8
E0068,17 Feb 2025,P,7
E0068,18 Feb 2025,present,7.5
E0068,02/20/2025,present,8
E0068,21 Feb 2025,Work From Home,8
E0068,02/25/2025,P,8
E0068,2025-02-27,present,7.5
E0068,2025-02-28,Present,9
E0068,03-03-2025,present,8
E0068,04 Mar 2025,leave,
E0068,06 Mar 2025,PRESENT,9
E0068,2025-03-07,Present,7.5
E0068,10 Mar 2025,present,8
E0068,2025-03-12,present,7.5
E0068,03/13/2025,present,9
E0068,03/14/2025,Absent,
E0068,2025-03-18,Present,9
E0068,19 Mar 2025,PRESENT,9
E0069,02 Jan 2025,leave,
E0069,01/03/2025,WFH,8
E0069,06 Jan 2025,Present,8
E0069,2025-01-07,P,8
E0069,09-01-2025,wfh,8
E0069,01/10/2025,PRESENT,8
E0069,13-01-2025,Present,9
E0069,01/14/2025,L,
E0069,01/15/2025,PRESENT,8
E0069,2025-01-16,Absent,
E0069,2025-01-17,Present,8
E0069,20-01-2025,PRESENT,7.5
E0069,01/21/2025,PRESENT,8
E0069,23 Jan 2025,Present,7.5
E0069,27-01-2025,PRESENT,7.5
E0069,2025-01-28,WFH,7
E0069,29 Jan 2025,Present,9
E0069,30-01-2025,present,8
E0069,2025-01-31,present,8
E0069,03 Feb 2025,leave,
E0069,05 Feb 2025,PRESENT,8
E0069,02/07/2025,PRESENT,8
E0069,2025-02-10,PRESENT,9
E0069,2025-02-11,P,8
E0069,12-02-2025,present,8
E0069,2025-02-13,absent,
E0069,14-02-2025,Present,7
E0069,02/17/2025,present,7
E0069,2025-02-18,Present,8
E0069,19 Feb 2025,PRESENT,8
E0069,02/20/2025,P,8
E0069,21 Feb 2025,PRESENT,8
E0069,25 Feb 2025,present,8
E0069,27 Feb 2025,PRESENT,9
E0069,02/28/2025,present,8
E0069,03/03/2025,WFH,8
E0069,03/04/2025,Present,9
E0069,03/05/2025,Absent,
E0069,2025-03-06,Leave,
E0069,03/07/2025,Present,7
E0069,10 Mar 2025,present,9
E0069,11 Mar 2025,present,8
E0069,2025-03-12,present,7.5
E0069,2025-03-14,PRESENT,9
E0070,03-01-2025,present,8
E0070,01/06/2025,P,8
E0070,07 Jan 2025,present,9
E0070,08 Jan 2025,present,7
E0070,01/09/2025,present,8
E0070,01/10/2025,present,7.5
E0070,2025-01-13,wfh,8
E0070,01/14/2025,present,8
E0070,2025-01-15,leave,
E0070,01/16/2025,A,
E0070,17 Jan 2025,PRESENT,8
E0070,20 Jan 2025,P,9
E0070,01/21/2025,P,8
E0070,22 Jan 2025,PRESENT,8
E0070,23 Jan 2025,P,8
E0070,24-01-2025,present,8
E0070,27 Jan 2025,P,8
E0070,01/28/2025,PRESENT,7.5
E0070,2025-01-29,Present,7.5
E0070,01/31/2025,Present,8
E0070,03 Feb 2025,P,8
E0070,2025-02-05,present,9
E0070,06-02-2025,P,7
E0070,07 Feb 2025,PRESENT,7.5
E0070,02/10/2025,PRESENT,7.5
E0070,02/11/2025,present,9
E0070,02/12/2025,Present,8
E0070,02/14/2025,present,7
E0070,17 Feb 2025,WFH,7.5
E0070,18 Feb 2025,Present,7.5
E0070,02/19/2025,present,7
E0070,20 Feb 2025,P,8
E0070,21-02-2025,Present,7
E0070,25-02-2025,present,7
E0070,26 Feb 2025,PRESENT,9
E0070,2025-02-27,present,7
E0070,28-02-2025,PRESENT,7.5
E0070,03-03-2025,PRESENT,8
E0070,04-03-2025,PRESENT,7.5
E0070,03/05/2025,P,9
E0070,03/06/2025,leave,
E0070,07-03-2025,P,7.5
E0070,10-03-2025,Present,9
E0070,11 Mar 2025,PRESENT,7.5
E0070,12-03-2025,present,8
E0071,2025-01-02,P,8
E0071,03-01-2025,present,7.5
E0071,06 Jan 2025,P,7
E0071,01/07/2025,present,8
E0071,09-01-2025,present,8
E0071,01/14/2025,Present,8
E0071,15-01-2025,PRESENT,8
E0071,16-01-2025,present,9
E0071,01/17/2025,PRESENT,7
E0071,20 Jan 2025,P,8
E0071,21-01-2025,PRESENT,8
E0071,2025-01-22,PRESENT,8
E0071,2025-01-24,On Leave,
E0071,27 Jan 2025,PRESENT,8
E0071,28-01-2025,Present,7
E0071,01/29/2025,P,8
E0071,30 Jan 2025,PRESENT,7
E0071,31-01-2025,Present,8
E0071,04-02-2025,Present,9
E0071,02/05/2025,P,7
E0071,06-02-2025,Present,7.5
E0071,2025-02-10,Present,8
E0071,02/11/2025,present,8
E0071,12 Feb 2025,Present,7
E0071,13 Feb 2025,PRESENT,8
E0071,18-02-2025,Present,8
E0071,19 Feb 2025,present,8
E0071,2025-02-20,absent,
E0071,2025-02-24,present,7
E0071,25 Feb 2025,present,9
E0071,26 Feb 2025,PRESENT,8
E0071,28-02-2025,PRESENT,9
E0071,03 Mar 2025,P,9
E0071,04-03-2025,Leave,
E0071,2025-03-05,Present,9
E0071,03/06/2025,Present,8
E0071,2025-03-07,Present,8
E0071,11 Mar 2025,A,
E0071,12 Mar 2025,present,8
E0071,2025-03-13,absent,
E0071,03/14/2025,P,7
E0071,17 Mar 2025,Present,8
E0072,02 Jan 2025,present,8
E0072,03-01-2025,PRESENT,8
E0072,06 Jan 2025,PRESENT,7.5
E0072,07 Jan 2025,P,7
E0072,01/08/2025,P,7
E0072,09-01-2025,PRESENT,7
E0072,10-01-2025,P,7.5
E0072,2025-01-13,wfh,8
E0072,14 Jan 2025,Absent,
E0072,15-01-2025,present,7.5
E0072,01/17/2025,Work From Home,8
E0072,01/20/2025,Present,8
E0072,21-01-2025,absent,
E0072,23-01-2025,P,9
E0072,24-01-2025,L,
E0072,27 Jan 2025,Present,7.5
E0072,28 Jan 2025,A,
E0072,29 Jan 2025,P,8
E0072,30-01-2025,PRESENT,7.5
E0072,31 Jan 2025,Leave,
E0072,04 Feb 2025,present,7.5
E0072,05 Feb 2025,present,8
E0072,06 Feb 2025,P,8
E0072,07 Feb 2025,Present,8
E0072,2025-02-10,present,9
E0072,2025-02-12,P,8
E0072,2025-02-13,Present,7.5
E0072,02/14/2025,present,8
E0072,02/17/2025,present,7
E0072,18-02-2025,present,8
E0072,20 Feb 2025,PRESENT,8
E0072,21-02-2025,wfh,8
E0072,2025-02-24,Present,7
E0072,02/25/2025,Present,8
E0072,26 Feb 2025,present,7.5
E0072,27 Feb 2025,P,9
E0072,2025-02-28,present,7
E0072,2025-03-04,Present,7.5
E0072,2025-03-05,P,7.5
E0072,06-03-2025,P,8
E0072,07 Mar 2025,PRESENT,7
E0072,10-03-2025,P,9
E0072,11-03-2025,Present,8
E0072,2025-03-13,present,7
E0072,14-03-2025,P,8
E0072,2025-03-17,L,
E0073,03 Jan 2025,present,9
E0073,2025-01-06,Work From Home,8
E0073,07-01-2025,PRESENT,8
E0073,01/08/2025,present,9
E0073,2025-01-09,L,
E0073,10-01-2025,P,9
E0073,13-01-2025,P,9
E0073,14 Jan 2025,A,
E0073,01/15/2025,present,8
E0073,2025-01-16,PRESENT,8
E0073,17-01-2025,Present,7
E0073,20-01-2025,PRESENT,7.5
E0073,2025-01-21,Work From Home,9
E0073,2025-01-23,P,7
E0073,27 Jan 2025,PRESENT,8
E0073,28-01-2025,P,8
E0073,2025-01-30,absent,
E0073,01/31/2025,Present,8
E0073,02/03/2025,absent,
E0073,2025-02-04,PRESENT,9
E0073,2025-02-05,PRESENT,8
E0073,06 Feb 2025,WFH,9
E0073,02/07/2025,Leave,
E0073,10 Feb 2025,Work From Home,8
E0073,12-02-2025,present,8
E0073,2025-02-14,Present,7.5
E0073,17 Feb 2025,leave,
E0073,18 Feb 2025,Present,7
E0073,02/20/2025,P,8
E0073,2025-02-21,On Leave,
E0073,02/24/2025,Work From Home,8
E0073,26 Feb 2025,Absent,
E0073,27-02-2025,Present,7.5
E0073,28 Feb 2025,present,9
E0073,04-03-2025,P,8
E0073,2025-03-06,present,8
E0073,03/07/2025,Present,9
E0073,10-03-2025,absent,
E0073,2025-03-11,P,8
E0073,03/12/2025,P,8
E0073,13-03-2025,Leave,
E0073,14 Mar 2025,WFH,9
E0074,02-01-2025,P,9
E0074,01/06/2025,L,
E0074,01/07/2025,present,8
E0074,01/08/2025,P,9
E0074,09-01-2025,leave,
E0074,10 Jan 2025,Absent,
E0074,13 Jan 2025,present,7
E0074,01/14/2025,present,8
E0074,15-01-2025,leave,
E0074,16-01-2025,Leave,
E0074,20-01-2025,PRESENT,8
E0074,2025-01-22,present,8
E0074,2025-01-23,leave,
E0074,2025-01-24,present,8
E0074,27-01-2025,present,8
E0074,28-01-2025,PRESENT,7.5
E0074,29 Jan 2025,PRESENT,8
E0074,01/31/2025,wfh,8
E0074,03-02-2025,present,8
E0074,02/04/2025,A,
E0074,05 Feb 2025,Present,7
E0074,02/06/2025,present,7.5
E0074,10-02-2025,Present,7.5
E0074,02/12/2025,present,8
E0074,02/13/2025,Present,9
E0074,14-02-2025,Present,7
E0074,17-02-2025,Leave,
E0074,19-02-2025,P,7
E0074,20 Feb 2025,P,9
E0074,02/21/2025,Present,8
E0074,24-02-2025,absent,
E0074,2025-02-25,leave,
E0074,26-02-2025,Present,8
E0074,2025-02-28,present,7.5
E0074,03-03-2025,leave,
E0074,04 Mar 2025,Present,8
E0074,05 Mar 2025,PRESENT,8
E0074,07-03-2025,absent,
E0074,2025-03-10,P,8
E0074,2025-03-11,P,8
E0074,12-03-2025,present,8
E0074,2025-03-14,Present,8
E0074,03/17/2025,Present,8
E0074,03/19/2025,present,8
E0074,21 Mar 2025,P,7.5
E0075,01/03/2025,A,
E0075,06-01-2025,P,8
E0075,2025-01-07,P,7.5
E0075,09 Jan 2025,L,
E0075,10-01-2025,present,7.5
E0075,14 Jan 2025,leave,
E0075,15-01-2025,PRESENT,7
E0075,2025-01-16,WFH,8
E0075,17 Jan 2025,Present,8
E0075,2025-01-20,present,8
E0075,01/22/2025,Present,7
E0075,23 Jan 2025,P,7.5
E0075,24 Jan 2025,present,8
E0075,2025-01-28,PRESENT,9
E0075,2025-01-29,Leave,
E0075,30 Jan 2025,Present,8
E0075,2025-01-31,present,7.5
E0075,03-02-2025,Present,9
E0075,2025-02-04,present,9
E0075,02/06/2025,Present,8
E0075,07 Feb 2025,absent,
E0075,10-02-2025,leave,
E0075,2025-02-11,present,7.5
E0075,13-02-2025,present,8
E0075,17-02-2025,Present,8
E0075,02/18/2025,PRESENT,7
E0075,20-02-2025,Leave,
E0075,21-02-2025,Present,9
E0075,25-02-2025,present,7.5
E0075,2025-02-26,P,8
E0075,27-02-2025,P,8
E0075,2025-02-28,PRESENT,9
E0075,2025-03-04,present,8
E0075,05-03-2025,PRESENT,8
E0075,03/07/2025,Absent,
E0075,10-03-2025,A,
E0075,11-03-2025,Leave,
E0075,12 Mar 2025,present,8
E0075,2025-03-13,Present,8
E0075,14 Mar 2025,wfh,8
E0075,17 Mar 2025,On Leave,
E0075,18 Mar 2025,PRESENT,8
E0076,01/02/2025,P,7.5
E0076,2025-01-03,On Leave,
E0076,01/06/2025,PRESENT,8
E0076,07 Jan 2025,Present,8
E0076,08 Jan 2025,P,8
E0076,01/09/2025,PRESENT,8
E0076,10-01-2025,Present,8
E0076,13-01-2025,PRESENT,9
E0076,14-01-2025,Leave,
E0076,15-01-2025,P,7
E0076,16 Jan 2025,PRESENT,9
E0076,2025-01-20,Present,8
E0076,21-01-2025,PRESENT,9
E0076,01/22/2025,WFH,9
E0076,2025-01-23,PRESENT,8
E0076,24-01-2025,P,9
E0076,2025-01-27,present,8
E0076,29 Jan 2025,PRESENT,7
E0076,30 Jan 2025,P,7
E0076,31-01-2025,L,
E0076,03-02-2025,Leave,
E0076,02/04/2025,Work From Home,9
E0076,05-02-2025,Present,7.5
E0076,02/06/2025,present,7
E0076,10-02-2025,PRESENT,9
E0076,02/11/2025,Work From Home,8
E0076,2025-02-12,present,8
E0076,13-02-2025,P,7
E0076,14-02-2025,P,8
E0076,17 Feb 2025,Present,7
E0076,02/19/2025,Present,9
E0076,02/21/2025,present,9
E0076,24-02-2025,PRESENT,7.5
E0076,02/25/2025,P,8
E0076,2025-02-26,present,7.5
E0076,2025-02-27,present,8
E0076,2025-02-28,P,7.5
E0076,03-03-2025,present,8
E0076,03/04/2025,present,7.5
E0076,05-03-2025,Present,7
E0076,06-03-2025,P,9
E0076,2025-03-07,P,8
E0077,02-01-2025,Leave,
E0077,06-01-2025,present,8
E0077,07 Jan 2025,leave,
E0077,01/08/2025,P,8
E0077,01/09/2025,P,8
E0077,01/13/2025,WFH,8
E0077,14 Jan 2025,On Leave,
E0077,2025-01-15,present,7
E0077,01/17/2025,WFH,9
E0077,01/20/2025,PRESENT,7.5
E0077,01/21/2025,P,9
E0077,2025-01-22,present,7
E0077,23-01-2025,P,9
E0077,24-01-2025,P,7
E0077,27-01-2025,PRESENT,8
E0077,28 Jan 2025,P,9
E0077,29-01-2025,Present,8
E0077,30 Jan 2025,PRESENT,7.5
E0077,01/31/2025,P,8
E0077,2025-02-03,absent,
E0077,02/04/2025,Leave,
E0077,05-02-2025,P,7.5
E0077,2025-02-06,present,8
E0077,02/07/2025,present,7.5
E0077,02/10/2025,P,8
E0077,11-02-2025,wfh,9
E0077,02/12/2025,PRESENT,8
E0077,13-02-2025,Present,7.5
E0077,02/14/2025,Work From Home,9
E0077,02/17/2025,P,8
E0077,02/18/2025,present,7
E0077,2025-02-19,Present,8
E0077,02/21/2025,Present,8
E0077,25-02-2025,P,8
E0077,26-02-2025,Present,9
E0077,27-02-2025,WFH,8
E0077,03/04/2025,Leave,
E0077,03/05/2025,Present,8
E0077,03/06/2025,P,8
E0077,07 Mar 2025,present,7
E0077,2025-03-10,PRESENT,8
E0077,12 Mar 2025,L,
E0077,13-03-2025,P,7.5
E0077,2025-03-17,PRESENT,8
E0078,01/02/2025,P,8
E0078,01/03/2025,present,9
E0078,06 Jan 2025,P,7.5
E0078,01/07/2025,present,8
E0078,09-01-2025,Leave,
E0078,10 Jan 2025,Work From Home,7.5
E0078,13-01-2025,present,7
E0078,15-01-2025,wfh,9
E0078,2025-01-17,present,9
E0078,2025-01-20,present,8
E0078,21 Jan 2025,leave,
E0078,2025-01-22,Leave,
E0078,23-01-2025,PRESENT,7.5
E0078,24 Jan 2025,PRESENT,9
E0078,27 Jan 2025,PRESENT,8
E0078,29 Jan 2025,leave,
E0078,2025-01-30,absent,
E0078,31 Jan 2025,Work From Home,7.5
E0078,03 Feb 2025,Work From Home,8
E0078,02/05/2025,WFH,8
E0078,2025-02-06,present,8
E0078,2025-02-07,Present,8
E0078,02/10/2025,P,8
E0078,11 Feb 2025,absent,
E0078,13-02-2025,P,7.5
E0078,02/14/2025,PRESENT,7.5
E0078,17-02-2025,Present,8
E0078,02/18/2025,present,7.5
E0078,2025-02-20,absent,
E0078,21 Feb 2025,Present,8
E0078,24-02-2025,Present,7
E0078,02/26/2025,Work From Home,7.5
E0078,2025-02-27,P,7
E0078,2025-02-28,PRESENT,9
E0078,2025-03-03,L,
E0078,04-03-2025,L,
E0078,05-03-2025,present,9
E0078,03/07/2025,A,
E0078,10 Mar 2025,present,8
E0078,03/12/2025,P,7.5
E0078,14-03-2025,PRESENT,7
E0078,2025-03-18,WFH,7
E0078,19-03-2025,Present,7
E0078,03/20/2025,present,9
E0078,03/21/2025,PRESENT,8
E0079,02-01-2025,PRESENT,7.5
E0079,01/03/2025,Present,8
E0079,01/06/2025,PRESENT,8
E0079,01/08/2025,Present,8
E0079,01/10/2025,absent,
E0079,01/13/2025,On Leave,
E0079,01/14/2025,P,7.5
E0079,01/15/2025,PRESENT,8
E0079,16 Jan 2025,present,8
E0079,17 Jan 2025,Present,8
E0079,21 Jan 2025,present,8
E0079,22 Jan 2025,present,7.5
E0079,01/23/2025,P,7
E0079,01/27/2025,present,8
E0079,28 Jan 2025,Work From Home,9
E0079,29 Jan 2025,PRESENT,8
E0079,01/30/2025,PRESENT,7.5
E0079,01/31/2025,WFH,9
E0079,02/03/2025,PRESENT,8
E0079,02/04/2025,present,9
E0079,05-02-2025,PRESENT,8
E0079,2025-02-07,PRESENT,7.5
E0079,10-02-2025,P,7.5
E0079,11 Feb 2025,PRESENT,8
E0079,12 Feb 2025,present,7
E0079,2025-02-13,PRESENT,7
E0079,14 Feb 2025,Present,7.5
E0079,17 Feb 2025,PRESENT,9
E0079,2025-02-18,P,9
E0079,20-02-2025,PRESENT,8
E0079,21-02-2025,Present,7.5
E0079,25-02-2025,Work From Home,7
E0079,26-02-2025,PRESENT,7
E0079,2025-02-28,present,8
E0079,04 Mar 2025,present,7
E0079,2025-03-05,Absent,
E0079,06-03-2025,present,9
E0079,03/07/2025,P,7
E0079,03/10/2025,present,8
E0079,12 Mar 2025,L,
E0079,14-03-2025,P,7.5
E0079,17-03-2025,P,7.5
E0080,02-01-2025,P,9
E0080,01/07/2025,P,8
E0080,2025-01-08,wfh,8
E0080,09 Jan 2025,Present,9
E0080,2025-01-10,Present,8
E0080,13-01-2025,present,7
E0080,14 Jan 2025,leave,
E0080,16 Jan 2025,PRESENT,8
E0080,01/17/2025,Present,7
E0080,21 Jan 2025,PRESENT,8
E0080,23 Jan 2025,P,8
E0080,24 Jan 2025,Leave,
E0080,27-01-2025,L,
E0080,28-01-2025,Leave,
E0080,01/30/2025,PRESENT,9
E0080,03 Feb 2025,P,8
E0080,04-02-2025,Work From Home,7
E0080,2025-02-05,P,7.5
E0080,06 Feb 2025,PRESENT,8
E0080,02/07/2025,PRESENT,7
E0080,2025-02-10,present,8
E0080,2025-02-11,Work From Home,8
E0080,12 Feb 2025,PRESENT,8
E0080,2025-02-14,PRESENT,8
E0080,17-02-2025,absent,
E0080,02/19/2025,present,8
E0080,02/20/2025,P,8
E0080,21-02-2025,leave,
E0080,24 Feb 2025,PRESENT,8
E0080,02/25/2025,P,9
E0080,26-02-2025,present,7
E0080,28 Feb 2025,present,7
E0080,2025-03-03,PRESENT,7.5
E0080,03/05/2025,P,8
E0080,2025-03-06,Present,7
E0080,07-03-2025,PRESENT,8
E0080,2025-03-10,Absent,
E0080,11 Mar 2025,Present,7.5
E0080,12 Mar 2025,leave,
E0080,13 Mar 2025,PRESENT,9
E0080,03/14/2025,P,7
E0080,2025-03-17,present,8
E0081,01/03/2025,Present,7
E0081,06 Jan 2025,present,7.5
E0081,07-01-2025,wfh,7.5
E0081,01/08/2025,P,8
E0081,2025-01-09,Present,7
E0081,10 Jan 2025,P,8
E0081,2025-01-13,present,8
E0081,15-01-2025,Present,7.5
E0081,17 Jan 2025,PRESENT,7
E0081,01/20/2025,PRESENT,7
E0081,01/21/2025,PRESENT,7
E0081,2025-01-22,A,
E0081,2025-01-24,present,8
E0081,01/27/2025,present,8
E0081,28 Jan 2025,present,8
E0081,29-01-2025,Present,7.5
E0081,30 Jan 2025,P,8
E0081,31 Jan 2025,Present,9
E0081,03 Feb 2025,WFH,8
E0081,02/04/2025,PRESENT,8
E0081,05-02-2025,PRESENT,7.5
E0081,2025-02-06,WFH,7.5
E0081,02/10/2025,PRESENT,9
E0081,11-02-2025,PRESENT,8
E0081,02/12/2025,present,7.5
E0081,13 Feb 2025,PRESENT,7
E0081,18 Feb 2025,Present,8
E0081,19-02-2025,absent,
E0081,2025-02-20,WFH,8
E0081,21 Feb 2025,P,7.5
E0081,24-02-2025,PRESENT,8
E0081,2025-02-25,PRESENT,9
E0081,02/26/2025,Work From Home,7.5
E0081,28-02-2025,Present,7.5
E0081,03 Mar 2025,WFH,8
E0081,04 Mar 2025,PRESENT,9
E0081,05-03-2025,Present,8
E0081,03/07/2025,Present,9
E0081,2025-03-10,PRESENT,9
E0081,11-03-2025,Present,8
E0081,2025-03-12,P,8
E0083,2025-01-03,Present,8
E0083,2025-01-06,P,9
E0083,01/07/2025,P,7.5
E0083,2025-01-08,present,7.5
E0083,09 Jan 2025,Present,8
E0083,01/10/2025,P,7
E0083,2025-01-14,PRESENT,7
E0083,15 Jan 2025,absent,
E0083,16 Jan 2025,present,8
E0083,01/17/2025,PRESENT,8
E0083,01/21/2025,Work From Home,8
E0083,22-01-2025,On Leave,
E0083,24-01-2025,P,8
E0083,2025-01-27,present,7.5
E0083,28-01-2025,P,7.5
E0083,29 Jan 2025,PRESENT,9
E0083,01/30/2025,P,9
E0083,03 Feb 2025,present,7
E0083,05-02-2025,PRESENT,8
E0083,06-02-2025,present,9
E0083,2025-02-07,Present,7
E0083,02/10/2025,Absent,
E0083,2025-02-11,present,7
E0083,2025-02-12,Present,9
E0083,13 Feb 2025,L,
E0083,2025-02-17,Present,8
E0083,2025-02-18,Present,8
E0083,19 Feb 2025,Present,7
E0083,20 Feb 2025,P,8
E0083,2025-02-21,A,
E0083,2025-02-25,P,9
E0083,2025-02-26,present,7.5
E0083,27 Feb 2025,present,9
E0083,28-02-2025,present,7.5
E0083,03/03/2025,PRESENT,8
E0083,04-03-2025,P,8
E0083,05 Mar 2025,P,7.5
E0083,03/06/2025,Present,9
E0083,03/07/2025,Present,7
E0083,11-03-2025,present,9
E0083,03/12/2025,present,9
E0083,13-03-2025,P,7.5
E0084,01/02/2025,Present,8
E0084,03-01-2025,present,8
E0084,07-01-2025,On Leave,
E0084,08 Jan 2025,P,7.5
E0084,01/10/2025,WFH,7.5
E0084,13-01-2025,P,8
E0084,14 Jan 2025,P,7.5
E0084,2025-01-16,P,8
E0084,01/17/2025,Present,7.5
E0084,01/20/2025,present,7
E0084,21-01-2025,L,
E0084,23 Jan 2025,Present,8
E0084,2025-01-27,Present,8
E0084,2025-01-28,Present,9
E0084,29 Jan 2025,present,8
E0084,31 Jan 2025,Present,8
E0084,03-02-2025,present,9
E0084,04 Feb 2025,P,8
E0084,06-02-2025,PRESENT,8
E0084,02/07/2025,present,8
E0084,10-02-2025,P,9
E0084,12-02-2025,present,8
E0084,14 Feb 2025,P,7.5
E0084,17 Feb 2025,P,8
E0084,19 Feb 2025,Present,8
E0084,2025-02-20,P,8
E0084,02/21/2025,Present,8
E0084,2025-02-25,PRESENT,8
E0084,2025-02-26,Present,8
E0084,02/27/2025,PRESENT,7
E0084,03/03/2025,WFH,7
E0084,05 Mar 2025,P,7
E0084,03/07/2025,Present,7
E0084,03/10/2025,present,7
E0084,03/11/2025,PRESENT,9
E0084,2025-03-13,Present,8
E0084,17-03-2025,P,8
E0084,2025-03-18,Present,9
E0084,2025-03-20,P,7
E0084,2025-03-21,PRESENT,8
E0085,2025-01-02,present,8
E0085,06-01-2025,P,9
E0085,07-01-2025,present,8
E0085,2025-01-08,present,8
E0085,2025-01-09,PRESENT,8
E0085,10 Jan 2025,Present,8
E0085,01/14/2025,P,8
E0085,01/15/2025,Work From Home,7.5
E0085,16 Jan 2025,PRESENT,8
E0085,01/20/2025,WFH,7.5
E0085,01/21/2025,PRESENT,7.5
E0085,22 Jan 2025,Present,8
E0085,2025-01-23,P,8
E0085,24 Jan 2025,present,8
E0085,01/27/2025,On Leave,
E0085,2025-01-28,Present,7.5
E0085,01/29/2025,present,7
E0085,01/30/2025,present,8
E0085,31 Jan 2025,WFH,9
E0085,02/04/2025,P,8
E0085,2025-02-05,PRESENT,8
E0085,2025-02-06,PRESENT,7.5
E0085,07 Feb 2025,PRESENT,7
E0085,11-02-2025,Present,8
E0085,12-02-2025,Present,8
E0085,13 Feb 2025,Present,8
E0085,02/17/2025,PRESENT,9
E0085,2025-02-18,PRESENT,8
E0085,19-02-2025,absent,
E0085,2025-02-20,P,7.5
E0085,21-02-2025,On Leave,
E0085,02/25/2025,Present,7.5
E0085,26-02-2025,P,7
E0085,27-02-2025,present,8
E0085,03 Mar 2025,present,8
E0085,2025-03-04,P,7.5
E0085,2025-03-05,Present,8
E0085,03/07/2025,present,8
E0085,10 Mar 2025,Present,8
E0085,12 Mar 2025,PRESENT,8
E0085,13 Mar 2025,P,9
E0085,14-03-2025,P,8
E0086,2025-01-02,P,7.5
E0086,06-01-2025,PRESENT,7
E0086,01/07/2025,PRESENT,8
E0086,2025-01-08,present,9
E0086,09 Jan 2025,Present,8
E0086,2025-01-10,On Leave,
E0086,13 Jan 2025,PRESENT,8
E0086,2025-01-14,PRESENT,8
E0086,15-01-2025,present,8
E0086,16 Jan 2025,Present,8
E0086,01/17/2025,absent,
E0086,2025-01-20,PRESENT,8
E0086,01/21/2025,WFH,8
E0086,23 Jan 2025,present,8
E0086,24-01-2025,present,9
E0086,28-01-2025,Leave,
E0086,29-01-2025,P,8
E0086,30-01-2025,Work From Home,8
E0086,31 Jan 2025,present,7
E0086,03 Feb 2025,present,8
E0086,05-02-2025,present,8
E0086,06 Feb 2025,Present,9
E0086,02/07/2025,PRESENT,7.5
E0086,02/10/2025,Present,7
E0086,11 Feb 2025,present,8
E0086,12-02-2025,PRESENT,8
E0086,13-02-2025,Present,8
E0086,14-02-2025,Absent,
E0086,02/17/2025,present,8
E0086,19 Feb 2025,Present,8
E0086,20 Feb 2025,P,7.5
E0086,21 Feb 2025,PRESENT,8
E0086,24-02-2025,Present,9
E0086,2025-02-25,P,7
E0086,2025-02-26,present,7
E0086,28 Feb 2025,Absent,
E0086,03-03-2025,Absent,
E0086,05-03-2025,P,9
E0086,06 Mar 2025,Absent,
E0086,11 Mar 2025,present,8
E0086,2025-03-13,PRESENT,7.5
E0086,2025-03-14,P,8
E0086,17 Mar 2025,Present,8
E0086,2025-03-18,present,8
E0087,2025-01-03,Absent,
E0087,06 Jan 2025,Present,7.5
E0087,07 Jan 2025,present,8
E0087,2025-01-08,Present,8
E0087,2025-01-09,present,8
E0087,10-01-2025,wfh,8
E0087,01/14/2025,Present,8
E0087,15 Jan 2025,PRESENT,8
E0087,16-01-2025,leave,
E0087,17 Jan 2025,absent,
E0087,20-01-2025,PRESENT,7.5
E0087,22-01-2025,A,
E0087,23-01-2025,PRESENT,9
E0087,24-01-2025,present,8
E0087,2025-01-27,P,9
E0087,2025-01-28,present,8
E0087,01/30/2025,PRESENT,7
E0087,01/31/2025,Present,8
E0087,02/03/2025,present,8
E0087,2025-02-04,present,7
E0087,05-02-2025,present,7.5
E0087,06 Feb 2025,PRESENT,8
E0087,07-02-2025,PRESENT,7
E0087,02/10/2025,PRESENT,7
E0087,11-02-2025,present,8
E0087,02/12/2025,PRESENT,7
E0087,13 Feb 2025,P,7
E0087,14 Feb 2025,PRESENT,8
E0087,02/17/2025,P,8
E0087,02/18/2025,PRESENT,9
E0087,19-02-2025,Present,8
E0087,20 Feb 2025,P,8
E0087,21 Feb 2025,present,7
E0087,02/25/2025,present,7
E0087,26 Feb 2025,PRESENT,7.5
E0087,2025-02-28,Present,8
E0087,03-03-2025,wfh,7
E0087,04-03-2025,PRESENT,7
E0087,05-03-2025,present,8
E0087,06 Mar 2025,Absent,
E0087,07 Mar 2025,Present,9
E0087,10-03-2025,P,8
E0087,12 Mar 2025,L,
E0087,2025-03-13,Present,8
E0087,14-03-2025,Present,8
E0089,2025-01-02,Present,8
E0089,01/03/2025,Present,7.5
E0089,06 Jan 2025,present,7
E0089,2025-01-07,present,7.5
E0089,2025-01-08,Present,8
E0089,01/09/2025,P,8
E0089,2025-01-13,P,9
E0089,14 Jan 2025,present,8
E0089,15-01-2025,PRESENT,9
E0089,2025-01-16,PRESENT,9
E0089,17-01-2025,Present,7.5
E0089,20-01-2025,wfh,8
E0089,21 Jan 2025,A,
E0089,22 Jan 2025,P,8
E0089,24 Jan 2025,A,
E0089,2025-01-28,Present,7
E0089,01/29/2025,Present,8
E0089,31-01-2025,A,
E0089,04 Feb 2025,present,7
E0089,02/05/2025,P,8
E0089,2025-02-07,present,7.5
E0089,10-02-2025,PRESENT,8
E0089,2025-02-11,P,8
E0089,13-02-2025,Present,7.5
E0089,02/14/2025,P,9
E0089,17-02-2025,present,7.5
E0089,2025-02-18,P,7.5
E0089,20-02-2025,Present,8
E0089,2025-02-21,Present,7
E0089,24-02-2025,Absent,
E0089,02/26/2025,present,7.5
E0089,28 Feb 2025,P,9
E0089,03-03-2025,PRESENT,8
E0089,03/05/2025,PRESENT,8
E0089,03/06/2025,PRESENT,9
E0089,03/07/2025,Present,9
E0089,2025-03-10,wfh,7
E0089,2025-03-11,PRESENT,9
E0089,12-03-2025,PRESENT,7.5
E0089,2025-03-13,Present,7
E0089,14 Mar 2025,present,8
E0089,2025-03-17,P,8
E0090,02 Jan 2025,PRESENT,8
E0090,06-01-2025,present,8
E0090,01/07/2025,Present,9
E0090,2025-01-08,P,8
E0090,09-01-2025,P,7.5
E0090,2025-01-10,Present,8
E0090,01/14/2025,PRESENT,9
E0090,16 Jan 2025,present,8
E0090,17-01-2025,Present,7.5
E0090,01/20/2025,P,7
E0090,21 Jan 2025,Present,8
E0090,22 Jan 2025,Leave,
E0090,23 Jan 2025,PRESENT,8
E0090,01/24/2025,present,8
E0090,01/27/2025,Present,9
E0090,28 Jan 2025,WFH,8
E0090,2025-01-29,present,7
E0090,2025-01-30,P,8
E0090,2025-01-31,wfh,8
E0090,02/03/2025,Work From Home,9
E0090,2025-02-04,Work From Home,7.5
E0090,06-02-2025,Absent,
E0090,07 Feb 2025,Present,8
E0090,02/11/2025,leave,
E0090,12 Feb 2025,P,7
E0090,14-02-2025,present,8
E0090,17 Feb 2025,present,8
E0090,18 Feb 2025,P,9
E0090,02/19/2025,Work From Home,7.5
E0090,20 Feb 2025,wfh,8
E0090,02/24/2025,Present,9
E0090,25-02-2025,PRESENT,7
E0090,2025-02-27,WFH,8
E0090,03/03/2025,PRESENT,8
E0090,04 Mar 2025,P,9
E0090,2025-03-05,WFH,7
E0090,03/07/2025,leave,
E0090,2025-03-10,P,9
E0090,11-03-2025,Present,7
E0090,03/13/2025,Present,8
E0090,03/17/2025,L,
E0091,01/02/2025,PRESENT,8
E0091,03 Jan 2025,PRESENT,8
E0091,06-01-2025,Present,8
E0091,01/07/2025,WFH,7
E0091,01/08/2025,PRESENT,7
E0091,09 Jan 2025,Leave,
E0091,01/10/2025,P,7
E0091,13-01-2025,P,7
E0091,14 Jan 2025,present,7
E0091,15-01-2025,PRESENT,7
E0091,01/16/2025,P,7
E0091,17-01-2025,P,9
E0091,21 Jan 2025,Present,9
E0091,22-01-2025,PRESENT,9
E0091,23 Jan 2025,PRESENT,9
E0091,24-01-2025,Leave,
E0091,01/28/2025,PRESENT,8
E0091,29 Jan 2025,present,8
E0091,30-01-2025,P,8
E0091,31 Jan 2025,P,7
E0091,02/04/2025,WFH,7.5
E0091,02/06/2025,P,7
E0091,10-02-2025,P,8
E0091,11-02-2025,PRESENT,8
E0091,12-02-2025,absent,
E0091,2025-02-13,PRESENT,9
E0091,02/14/2025,Absent,
E0091,17-02-2025,Present,8
E0091,2025-02-19,P,8
E0091,21 Feb 2025,P,7
E0091,2025-02-24,Present,7.5
E0091,25-02-2025,Present,9
E0091,27 Feb 2025,On Leave,
E0091,02/28/2025,Present,7.5
E0091,2025-03-03,On Leave,
E0091,03/04/2025,Present,8
E0091,05-03-2025,PRESENT,8
E0091,06 Mar 2025,PRESENT,7
E0091,03/07/2025,absent,
E0091,10 Mar 2025,Present,8
E0091,2025-03-11,P,9
E0091,2025-03-13,present,7.5
E0091,14-03-2025,Present,7
E0092,02 Jan 2025,leave,
E0092,2025-01-06,P,7
E0092,08-01-2025,PRESENT,8
E0092,09 Jan 2025,Present,8
E0092,01/10/2025,Absent,
E0092,2025-01-13,PRESENT,8
E0092,14 Jan 2025,Present,9
E0092,01/15/2025,P,7
E0092,2025-01-16,absent,
E0092,01/17/2025,P,8
E0092,01/20/2025,Present,8
E0092,21-01-2025,absent,
E0092,22 Jan 2025,PRESENT,9
E0092,23-01-2025,Present,7.5
E0092,01/27/2025,wfh,7
E0092,2025-01-29,Present,8
E0092,01/31/2025,P,7
E0092,03 Feb 2025,P,9
E0092,2025-02-04,On Leave,
E0092,02/05/2025,P,8
E0092,02/06/2025,P,9
E0092,02/07/2025,Present,9
E0092,02/11/2025,present,8
E0092,12 Feb 2025,L,
E0092,13 Feb 2025,Present,8
E0092,02/14/2025,PRESENT,8
E0092,02/17/2025,A,
E0092,19-02-2025,P,9
E0092,2025-02-20,P,8
E0092,21 Feb 2025,PRESENT,8
E0092,2025-02-24,P,8
E0092,25-02-2025,P,7
E0092,2025-02-26,A,
E0092,02/27/2025,L,
E0092,03/04/2025,present,7
E0092,05-03-2025,WFH,8
E0092,06 Mar 2025,P,8
E0092,2025-03-11,present,7
E0092,2025-03-12,PRESENT,7
E0092,03/13/2025,absent,
E0092,14-03-2025,Present,8
E0094,02 Jan 2025,present,9
E0094,03 Jan 2025,PRESENT,7.5
E0094,06 Jan 2025,Absent,
E0094,07 Jan 2025,L,
E0094,01/08/2025,WFH,8
E0094,2025-01-10,Leave,
E0094,13 Jan 2025,present,7.5
E0094,01/15/2025,PRESENT,8
E0094,01/16/2025,L,
E0094,01/17/2025,absent,
E0094,20-01-2025,PRESENT,8
E0094,21-01-2025,leave,
E0094,22 Jan 2025,present,7.5
E0094,23-01-2025,Work From Home,7.5
E0094,24 Jan 2025,Leave,
E0094,01/27/2025,P,7
E0094,2025-01-29,P,8
E0094,2025-01-30,present,8
E0094,2025-01-31,wfh,8
E0094,04-02-2025,P,8
E0094,06-02-2025,PRESENT,8
E0094,07-02-2025,Present,9
E0094,2025-02-10,Present,8
E0094,11-02-2025,PRESENT,8
E0094,02/12/2025,present,8
E0094,02/13/2025,Present,7.5
E0094,2025-02-14,present,8
E0094,2025-02-17,present,8
E0094,18-02-2025,A,
E0094,02/19/2025,leave,
E0094,02/20/2025,present,7.5
E0094,02/21/2025,L,
E0094,02/24/2025,Present,8
E0094,25-02-2025,PRESENT,8
E0094,26 Feb 2025,Leave,
E0094,02/27/2025,P,8
E0094,28 Feb 2025,present,8
E0094,03/04/2025,PRESENT,8
E0094,03/05/2025,L,
E0094,2025-03-06,present,8
E0094,07 Mar 2025,present,8
E0094,10 Mar 2025,present,9
E0095,2025-01-02,Work From Home,8
E0095,03 Jan 2025,P,8
E0095,06-01-2025,L,
E0095,08-01-2025,Absent,
E0095,2025-01-09,present,9
E0095,10-01-2025,leave,
E0095,2025-01-13,present,8
E0095,01/14/2025,PRESENT,7.5
E0095,01/15/2025,Present,8
E0095,16 Jan 2025,P,8
E0095,2025-01-17,present,8
E0095,2025-01-20,present,9
E0095,01/21/2025,Present,8
E0095,22-01-2025,P,8
E0095,01/24/2025,P,8
E0095,27-01-2025,P,8
E0095,01/28/2025,Leave,
E0095,2025-01-29,PRESENT,8
E0095,2025-01-30,leave,
E0095,01/31/2025,A,
E0095,03 Feb 2025,P,7.5
E0095,04 Feb 2025,PRESENT,8
E0095,2025-02-05,present,8
E0095,2025-02-06,leave,
E0095,02/07/2025,absent,
E0095,10-02-2025,Leave,
E0095,2025-02-11,P,7.5
E0095,2025-02-13,P,7.5
E0095,02/14/2025,Present,7.5
E0095,17-02-2025,present,8
E0095,02/18/2025,P,8
E0095,20-02-2025,P,8
E0095,21-02-2025,leave,
E0095,2025-02-24,Present,8
E0095,25-02-2025,present,8
E0095,02/26/2025,Present,8
E0095,02/27/2025,present,8
E0095,28-02-2025,P,7
E0095,03 Mar 2025,Leave,
E0095,04 Mar 2025,WFH,8
E0095,05-03-2025,PRESENT,8
E0095,07 Mar 2025,Absent,
E0095,2025-03-10,present,9
E0095,11 Mar 2025,PRESENT,7.5
E0097,01/02/2025,P,8
E0097,03 Jan 2025,present,7.5
E0097,2025-01-06,Present,8
E0097,07 Jan 2025,wfh,7
E0097,01/08/2025,PRESENT,7
E0097,10 Jan 2025,P,9
E0097,01/13/2025,WFH,8
E0097,14-01-2025,present,8
E0097,15 Jan 2025,Leave,
E0097,16 Jan 2025,Leave,
E0097,01/17/2025,Work From Home,8
E0097,01/20/2025,present,8
E0097,22 Jan 2025,PRESENT,7
E0097,2025-01-23,PRESENT,8
E0097,2025-01-24,P,8
E0097,2025-01-27,PRESENT,8
E0097,28-01-2025,present,8
E0097,29 Jan 2025,present,7.5
E0097,2025-01-30,Present,7
E0097,2025-01-31,PRESENT,9
E0097,2025-02-03,P,9
E0097,02/04/2025,Present,7
E0097,06 Feb 2025,PRESENT,9
E0097,07-02-2025,P,9
E0097,02/11/2025,PRESENT,8
E0097,13 Feb 2025,P,7
E0097,14 Feb 2025,leave,
E0097,17 Feb 2025,P,7.5
E0097,18-02-2025,PRESENT,9
E0097,19-02-2025,A,
E0097,02/20/2025,P,9
E0097,21-02-2025,PRESENT,8
E0097,25 Feb 2025,present,8
E0097,02/27/2025,Present,7.5
E0097,04-03-2025,present,7.5
E0097,03/06/2025,P,9
E0097,07-03-2025,absent,
E0097,2025-03-10,P,8
E0097,11 Mar 2025,P,8
E0097,12-03-2025,PRESENT,9
E0097,14 Mar 2025,present,8
E0097,17-03-2025,P,8
E0097,2025-03-18,A,
E0098,01/02/2025,leave,
E0098,03 Jan 2025,A,
E0098,07 Jan 2025,Present,8
E0098,01/09/2025,P,7.5
E0098,10-01-2025,P,7.5
E0098,01/13/2025,wfh,8
E0098,14-01-2025,present,8
E0098,01/15/2025,PRESENT,7.5
E0098,17 Jan 2025,Present,8
E0098,20-01-2025,PRESENT,7.5
E0098,01/21/2025,present,7
E0098,2025-01-22,Present,7
E0098,23-01-2025,P,8
E0098,27-01-2025,P,7.5
E0098,01/28/2025,present,8
E0098,01/29/2025,present,7
E0098,30 Jan 2025,Present,8
E0098,2025-01-31,P,9
E0098,03-02-2025,Leave,
E0098,02/05/2025,PRESENT,8
E0098,06-02-2025,present,8
E0098,2025-02-07,present,8
E0098,10-02-2025,On Leave,
E0098,02/11/2025,Present,8
E0098,13 Feb 2025,present,8
E0098,2025-02-14,PRESENT,8
E0098,02/18/2025,PRESENT,8
E0098,20 Feb 2025,Present,7
E0098,21 Feb 2025,Present,9
E0098,25-02-2025,present,7
E0098,26-02-2025,On Leave,
E0098,02/28/2025,present,8
E0098,03/03/2025,P,9
E0098,04-03-2025,P,7
E0098,03/05/2025,PRESENT,9
E0098,06 Mar 2025,PRESENT,7.5
E0098,07 Mar 2025,present,7.5
E0098,10 Mar 2025,PRESENT,8
E0098,12-03-2025,A,
E0098,03/13/2025,P,7
E0098,2025-03-14,PRESENT,7.5
E0101,03 Jan 2025,Present,9
E0101,2025-01-06,Work From Home,9
E0101,01/07/2025,P,8
E0101,01/08/2025,P,8
E0101,09-01-2025,WFH,8
E0101,13 Jan 2025,A,
E0101,2025-01-14,present,8
E0101,01/16/2025,wfh,7.5
E0101,17 Jan 2025,WFH,8
E0101,21 Jan 2025,present,7
E0101,23 Jan 2025,P,8
E0101,01/24/2025,PRESENT,8
E0101,27 Jan 2025,P,8
E0101,29 Jan 2025,present,8
E0101,01/30/2025,present,8
E0101,01/31/2025,PRESENT,8
E0101,03-02-2025,present,8
E0101,04-02-2025,Work From Home,7
E0101,2025-02-05,leave,
E0101,02/06/2025,P,8
E0101,02/07/2025,Work From Home,9
E0101,02/10/2025,Present,7
E0101,12-02-2025,P,7.5
E0101,02/14/2025,P,8
E0101,02/17/2025,present,7
E0101,18 Feb 2025,present,7
E0101,2025-02-20,Present,8
E0101,02/24/2025,PRESENT,8
E0101,25-02-2025,PRESENT,7.5
E0101,27 Feb 2025,P,7
E0101,2025-02-28,WFH,9
E0101,03 Mar 2025,absent,
E0101,03/04/2025,present,8
E0101,2025-03-05,P,9
E0101,07 Mar 2025,Present,8
E0101,2025-03-10,Present,8
E0101,03/11/2025,Present,8
E0101,12-03-2025,PRESENT,8
E0101,13 Mar 2025,present,7.5
E0101,2025-03-14,present,8
E0101,17 Mar 2025,Present,8
E0102,01/03/2025,P,7.5
E0102,2025-01-06,P,8
E0102,07-01-2025,Present,8
E0102,01/08/2025,present,9
E0102,01/09/2025,PRESENT,8
E0102,2025-01-10,Present,8
E0102,13-01-2025,Present,9
E0102,2025-01-14,L,
E0102,2025-01-15,P,9
E0102,16-01-2025,Present,8
E0102,01/20/2025,PRESENT,7
E0102,21-01-2025,PRESENT,8
E0102,01/22/2025,WFH,8
E0102,01/23/2025,Present,9
E0102,2025-01-27,Present,7.5
E0102,29-01-2025,PRESENT,9
E0102,31 Jan 2025,Present,7.5
E0102,03 Feb 2025,P,8
E0102,2025-02-04,On Leave,
E0102,06 Feb 2025,Present,7.5
E0102,07-02-2025,Present,8
E0102,02/11/2025,P,7
E0102,12-02-2025,wfh,7
E0102,13-02-2025,Leave,
E0102,14 Feb 2025,present,8
E0102,17-02-2025,PRESENT,8
E0102,02/18/2025,P,7.5
E0102,2025-02-19,P,7
E0102,02/21/2025,A,
E0102,24-02-2025,P,9
E0102,2025-02-26,PRESENT,8
E0102,02/27/2025,Present,8
E0102,28 Feb 2025,Present,8
E0102,03 Mar 2025,P,8
E0102,03/05/2025,P,7.5
E0102,2025-03-06,P,7
E0102,07 Mar 2025,WFH,9
E0102,10 Mar 2025,P,8
E0102,11 Mar 2025,P,8
E0102,03/12/2025,Present,8
E0102,13-03-2025,present,8
E0102,14 Mar 2025,Present,9
E0103,02-01-2025,present,8
E0103,01/03/2025,WFH,9
E0103,01/06/2025,PRESENT,8
E0103,07 Jan 2025,P,8
E0103,01/08/2025,Present,8
E0103,01/10/2025,P,7
E0103,2025-01-13,L,
E0103,01/14/2025,PRESENT,9
E0103,2025-01-15,PRESENT,9
E0103,16-01-2025,Present,7
E0103,2025-01-17,P,8
E0103,01/20/2025,P,8
E0103,21-01-2025,PRESENT,7.5
E0103,23 Jan 2025,Present,8
E0103,27 Jan 2025,Work From Home,7
E0103,28 Jan 2025,P,7
E0103,29 Jan 2025,present,8
E0103,2025-01-30,PRESENT,7
E0103,31-01-2025,PRESENT,7.5
E0103,03 Feb 2025,Present,8
E0103,04 Feb 2025,Present,8
E0103,2025-02-05,present,8
E0103,06 Feb 2025,PRESENT,8
E0103,2025-02-07,P,8
E0103,10-02-2025,P,8
E0103,11-02-2025,Present,8
E0103,13 Feb 2025,PRESENT,9
E0103,02/14/2025,P,7
E0103,18-02-2025,P,8
E0103,02/19/2025,Present,7.5
E0103,2025-02-21,Leave,
E0103,2025-02-24,present,7
E0103,02/26/2025,present,7.5
E0103,28 Feb 2025,present,7.5
E0103,03/03/2025,present,8
E0103,04 Mar 2025,absent,
E0103,03/05/2025,P,8
E0103,03/06/2025,PRESENT,9
E0103,07-03-2025,present,7
E0103,03/10/2025,present,7.5
E0103,11 Mar 2025,present,8
E0103,12-03-2025,present,8
E0104,2025-01-03,PRESENT,7
E0104,06 Jan 2025,Leave,
E0104,01/07/2025,Present,7.5
E0104,01/08/2025,P,8
E0104,01/09/2025,present,8
E0104,01/10/2025,P,8
E0104,14 Jan 2025,Leave,
E0104,16-01-2025,wfh,8
E0104,20 Jan 2025,Present,7.5
E0104,2025-01-21,PRESENT,7.5
E0104,22-01-2025,Present,9
E0104,24-01-2025,absent,
E0104,2025-01-27,P,8
E0104,2025-01-28,P,7.5
E0104,01/29/2025,L,
E0104,30 Jan 2025,On Leave,
E0104,2025-01-31,A,
E0104,2025-02-03,wfh,7
E0104,02/05/2025,P,9
E0104,06 Feb 2025,present,8
E0104,2025-02-07,Leave,
E0104,10-02-2025,PRESENT,8
E0104,11 Feb 2025,present,7.5
E0104,02/13/2025,present,7.5
E0104,02/14/2025,Leave,
E0104,2025-02-17,Present,8
E0104,18-02-2025,Present,7
E0104,02/19/2025,P,9
E0104,20 Feb 2025,leave,
E0104,21 Feb 2025,present,8
E0104,02/25/2025,present,7.5
E0104,2025-02-27,P,7
E0104,28-02-2025,Present,8
E0104,2025-03-03,P,9
E0104,05 Mar 2025,PRESENT,8
E0104,03/07/2025,P,7.5
E0104,10-03-2025,P,7
E0104,11-03-2025,present,8
E0104,13 Mar 2025,Present,7
E0104,14 Mar 2025,PRESENT,9
E0104,2025-03-17,P,8
E0104,18-03-2025,leave,
E0104,19-03-2025,P,8
E0104,20 Mar 2025,P,8
E0105,02-01-2025,Present,8
E0105,01/06/2025,PRESENT,7
E0105,2025-01-07,leave,
E0105,08-01-2025,P,8
E0105,01/09/2025,Absent,
E0105,13 Jan 2025,present,8
E0105,01/14/2025,P,7
E0105,01/16/2025,PRESENT,8
E0105,01/17/2025,P,7
E0105,2025-01-20,present,7
E0105,21 Jan 2025,Present,8
E0105,22 Jan 2025,absent,
E0105,01/24/2025,PRESENT,8
E0105,27-01-2025,PRESENT,8
E0105,01/28/2025,Present,8
E0105,29 Jan 2025,P,9
E0105,2025-01-30,WFH,8
E0105,03-02-2025,PRESENT,8
E0105,02/04/2025,P,7
E0105,05-02-2025,Present,7.5
E0105,2025-02-06,On Leave,
E0105,02/07/2025,Present,8
E0105,10 Feb 2025,P,9
E0105,2025-02-12,P,8
E0105,2025-02-13,WFH,9
E0105,2025-02-14,P,9
E0105,2025-02-17,present,8
E0105,19 Feb 2025,PRESENT,7
E0105,20 Feb 2025,present,7.5
E0105,21 Feb 2025,PRESENT,9
E0105,02/25/2025,P,8
E0105,02/26/2025,L,
E0105,02/27/2025,present,8
E0105,02/28/2025,Present,8
E0105,2025-03-04,absent,
E0105,03/06/2025,Present,8
E0105,07 Mar 2025,present,7.5
E0105,03/10/2025,Present,7.5
E0105,11 Mar 2025,Present,7
E0105,12 Mar 2025,A,
E0105,13 Mar 2025,PRESENT,8
E0105,14 Mar 2025,Present,9
E0106,03-01-2025,present,8
E0106,06-01-2025,P,8
E0106,07-01-2025,PRESENT,8
E0106,08 Jan 2025,P,7.5
E0106,01/09/2025,P,8
E0106,10 Jan 2025,Leave,
E0106,13-01-2025,P,9
E0106,2025-01-14,Present,9
E0106,15 Jan 2025,Present,7.5
E0106,16 Jan 2025,present,7
E0106,17-01-2025,L,
E0106,01/21/2025,present,8
E0106,2025-01-22,present,7.5
E0106,01/24/2025,P,7
E0106,28 Jan 2025,P,8
E0106,2025-01-29,WFH,8
E0106,01/31/2025,P,8
E0106,03-02-2025,PRESENT,8
E0106,02/04/2025,Present,8
E0106,2025-02-05,present,8
E0106,02/06/2025,PRESENT,8
E0106,2025-02-07,Work From Home,7
E0106,02/10/2025,Present,7.5
E0106,11 Feb 2025,On Leave,
E0106,13-02-2025,P,8
E0106,14 Feb 2025,P,8
E0106,2025-02-17,PRESENT,9
E0106,18 Feb 2025,PRESENT,8
E0106,02/20/2025,PRESENT,7
E0106,24 Feb 2025,WFH,7
E0106,25 Feb 2025,wfh,8
E0106,2025-02-26,present,7
E0106,02/28/2025,present,8
E0106,03/03/2025,P,8
E0106,2025-03-04,Present,8
E0106,03/05/2025,present,7.5
E0106,2025-03-06,PRESENT,7
E0106,07-03-2025,P,8
E0106,2025-03-10,P,8
E0106,2025-03-12,Present,8
E0106,13-03-2025,P,8
E0106,03/18/2025,Present,7.5
E0106,19-03-2025,Present,8
E0106,03/20/2025,Leave,
E0107,02 Jan 2025,A,
E0107,06 Jan 2025,Absent,
E0107,01/08/2025,present,8
E0107,10-01-2025,present,7.5
E0107,13-01-2025,wfh,8
E0107,01/15/2025,present,7
E0107,17 Jan 2025,P,7
E0107,01/21/2025,Present,7
E0107,01/22/2025,present,8
E0107,01/23/2025,present,7.5
E0107,01/24/2025,Present,7
E0107,2025-01-28,P,8
E0107,29-01-2025,P,8
E0107,30 Jan 2025,PRESENT,8
E0107,01/31/2025,Present,8
E0107,2025-02-03,PRESENT,8
E0107,05 Feb 2025,On Leave,
E0107,06 Feb 2025,P,7.5
E0107,2025-02-07,Present,8
E0107,02/10/2025,present,9
E0107,12-02-2025,P,8
E0107,2025-02-13,Present,7.5
E0107,2025-02-14,wfh,8
E0107,17 Feb 2025,PRESENT,8
E0107,19-02-2025,present,8
E0107,20-02-2025,present,7.5
E0107,21-02-2025,Work From Home,8
E0107,2025-02-24,present,7.5
E0107,25 Feb 2025,P,8
E0107,26-02-2025,present,9
E0107,02/27/2025,PRESENT,8
E0107,03/03/2025,P,7
E0107,04-03-2025,PRESENT,8
E0107,05-03-2025,P,7.5
E0107,06-03-2025,Present,8
E0107,07 Mar 2025,P,8
E0107,10 Mar 2025,Present,8
E0107,2025-03-11,P,9
E0107,13-03-2025,PRESENT,8
E0107,03/17/2025,On Leave,
E0107,03/18/2025,PRESENT,7.5
E0107,03/19/2025,Present,7.5
E0107,2025-03-20,P,8
E0107,2025-03-21,present,7.5
E0108,02 Jan 2025,present,7
E0108,2025-01-06,PRESENT,7
E0108,07-01-2025,present,7
E0108,01/09/2025,present,7.5
E0108,10-01-2025,present,8
E0108,01/13/2025,On Leave,
E0108,14-01-2025,P,7.5
E0108,15-01-2025,wfh,8
E0108,2025-01-16,present,8
E0108,01/17/2025,Present,7.5
E0108,01/20/2025,Present,7.5
E0108,21 Jan 2025,PRESENT,8
E0108,01/22/2025,present,8
E0108,24 Jan 2025,PRESENT,8
E0108,01/27/2025,P,8
E0108,2025-01-28,Present,9
E0108,29 Jan 2025,P,9
E0108,30 Jan 2025,PRESENT,7.5
E0108,01/31/2025,Present,8
E0108,04-02-2025,PRESENT,8
E0108,2025-02-05,P,7.5
E0108,06 Feb 2025,Leave,
E0108,02/10/2025,PRESENT,7.5
E0108,02/12/2025,leave,
E0108,13 Feb 2025,leave,
E0108,2025-02-17,P,7.5
E0108,18 Feb 2025,present,9
E0108,20-02-2025,WFH,8
E0108,21 Feb 2025,present,9
E0108,2025-02-24,present,8
E0108,2025-02-25,Work From Home,8
E0108,27-02-2025,Present,8
E0108,03-03-2025,present,8
E0108,05-03-2025,present,9
E0108,06 Mar 2025,present,9
E0108,03/07/2025,Present,8
E0108,03/10/2025,P,9
E0108,11 Mar 2025,Work From Home,8
E0108,03/13/2025,wfh,7
E0108,17 Mar 2025,Present,8
E0108,18 Mar 2025,PRESENT,8
E0108,03/19/2025,PRESENT,7.5
E0108,2025-03-21,leave,
E0109,03-01-2025,present,8
E0109,01/06/2025,PRESENT,7
E0109,08-01-2025,absent,
E0109,09 Jan 2025,P,9
E0109,10 Jan 2025,Present,8
E0109,2025-01-13,present,7.5
E0109,14 Jan 2025,Present,7
E0109,15 Jan 2025,Present,7
E0109,16-01-2025,PRESENT,9
E0109,2025-01-17,present,8
E0109,20 Jan 2025,L,
E0109,21-01-2025,Work From Home,8
E0109,22-01-2025,PRESENT,7
E0109,01/23/2025,L,
E0109,24-01-2025,PRESENT,8
E0109,27-01-2025,PRESENT,8
E0109,01/28/2025,PRESENT,9
E0109,29-01-2025,P,8
E0109,31-01-2025,Leave,
E0109,2025-02-03,present,8
E0109,02/04/2025,present,7
E0109,05 Feb 2025,P,7
E0109,06 Feb 2025,Present,7.5
E0109,07-02-2025,P,7
E0109,10-02-2025,present,9
E0109,2025-02-11,WFH,7.5
E0109,13-02-2025,Present,7.5
E0109,14 Feb 2025,present,8
E0109,02/17/2025,Leave,
E0109,19 Feb 2025,PRESENT,8
E0109,20-02-2025,On Leave,
E0109,21 Feb 2025,Present,7
E0109,02/25/2025,PRESENT,7.5
E0109,26-02-2025,PRESENT,7
E0109,2025-02-27,PRESENT,7.5
E0109,02/28/2025,P,9
E0109,2025-03-03,PRESENT,8
E0109,04 Mar 2025,WFH,9
E0109,03/05/2025,Leave,
E0109,06 Mar 2025,Present,9
E0109,07 Mar 2025,PRESENT,8
E0109,2025-03-10,Present,8
E0109,2025-03-12,P,7.5
E0109,03/13/2025,PRESENT,7.5
E0110,2025-01-03,P,7.5
E0110,06 Jan 2025,P,7
E0110,2025-01-07,Present,8
E0110,08 Jan 2025,Absent,
E0110,10-01-2025,leave,
E0110,13 Jan 2025,Leave,
E0110,2025-01-15,Present,9
E0110,16 Jan 2025,present,7
E0110,2025-01-20,Present,7
E0110,01/21/2025,present,8
E0110,22-01-2025,present,8
E0110,01/23/2025,present,8
E0110,2025-01-24,wfh,8
E0110,27-01-2025,PRESENT,8
E0110,28-01-2025,Present,9
E0110,01/29/2025,Present,8
E0110,01/30/2025,Work From Home,7.5
E0110,2025-01-31,WFH,8
E0110,04 Feb 2025,Present,8
E0110,05-02-2025,Present,7
E0110,2025-02-06,PRESENT,9
E0110,07-02-2025,PRESENT,7.5
E0110,02/11/2025,P,8
E0110,12 Feb 2025,present,7
E0110,13-02-2025,P,8
E0110,02/14/2025,Present,9
E0110,18 Feb 2025,present,9
E0110,2025-02-19,PRESENT,8
E0110,2025-02-20,leave,
E0110,21-02-2025,PRESENT,7.5
E0110,2025-02-25,Present,9
E0110,26-02-2025,L,
E0110,2025-02-28,Present,8
E0110,2025-03-04,P,8
E0110,06 Mar 2025,Leave,
E0110,03/07/2025,P,7
E0110,2025-03-10,Present,7.5
E0110,11 Mar 2025,PRESENT,7.5
E0110,13 Mar 2025,present,9
E0110,03/14/2025,P,8
E0110,03/17/2025,present,9
E0110,18-03-2025,PRESENT,8
E0110,03/19/2025,P,9
E0112,02-01-2025,P,8
E0112,2025-01-03,PRESENT,8
E0112,06 Jan 2025,P,8
E0112,07 Jan 2025,present,8
E0112,01/08/2025,present,7.5
E0112,01/09/2025,PRESENT,8
E0112,01/10/2025,leave,
E0112,13 Jan 2025,Present,7.5
E0112,01/15/2025,Present,8
E0112,01/16/2025,present,8
E0112,17 Jan 2025,Present,8
E0112,20 Jan 2025,present,8
E0112,01/21/2025,Present,8
E0112,01/22/2025,Absent,
E0112,01/23/2025,A,
E0112,01/24/2025,PRESENT,7
E0112,01/28/2025,Present,7
E0112,29 Jan 2025,present,8
E0112,30-01-2025,Present,7
E0112,31-01-2025,PRESENT,8
E0112,2025-02-03,PRESENT,8
E0112,2025-02-05,PRESENT,8
E0112,06-02-2025,present,7.5
E0112,02/07/2025,absent,
E0112,10 Feb 2025,wfh,9
E0112,2025-02-12,Leave,
E0112,2025-02-13,P,9
E0112,2025-02-14,Present,8
E0112,17 Feb 2025,L,
E0112,2025-02-19,wfh,8
E0112,20 Feb 2025,P,9
E0112,21-02-2025,present,8
E0112,24-02-2025,P,9
E0112,25-02-2025,present,7
E0112,27 Feb 2025,P,7
E0112,03/03/2025,present,7.5
E0112,2025-03-04,Present,8
E0112,2025-03-05,present,8
E0112,06-03-2025,P,7
E0112,03/07/2025,leave,
E0112,2025-03-10,WFH,8
E0112,11-03-2025,present,7.5
E0112,12 Mar 2025,P,8
E0112,2025-03-14,present,8
E0114,02 Jan 2025,absent,
E0114,01/03/2025,PRESENT,7.5
E0114,2025-01-06,Present,8
E0114,01/07/2025,P,8
E0114,09-01-2025,present,8
E0114,2025-01-10,PRESENT,8
E0114,14 Jan 2025,Work From Home,9
E0114,15 Jan 2025,Work From Home,8
E0114,2025-01-17,P,8
E0114,2025-01-20,PRESENT,9
E0114,01/21/2025,P,9
E0114,01/22/2025,P,8
E0114,01/24/2025,PRESENT,7
E0114,27 Jan 2025,P,8
E0114,2025-01-28,present,9
E0114,2025-01-29,present,8
E0114,30 Jan 2025,Present,8
E0114,01/31/2025,On Leave,
E0114,2025-02-04,Present,8
E0114,2025-02-06,P,7.5
E0114,07-02-2025,leave,
E0114,2025-02-10,present,7
E0114,02/12/2025,present,7.5
E0114,14-02-2025,present,9
E0114,17 Feb 2025,P,8
E0114,02/19/2025,present,8
E0114,02/20/2025,L,
E0114,21-02-2025,present,7.5
E0114,02/24/2025,PRESENT,8
E0114,25 Feb 2025,WFH,8
E0114,27 Feb 2025,present,9
E0114,2025-03-03,PRESENT,9
E0114,04-03-2025,On Leave,
E0114,05-03-2025,leave,
E0114,2025-03-06,On Leave,
E0114,03/07/2025,Present,8
E0114,10 Mar 2025,PRESENT,8
E0114,11-03-2025,Present,8
E0114,12-03-2025,wfh,8
E0114,2025-03-13,Present,7
E0114,14 Mar 2025,Present,8
E0114,03/17/2025,present,8
E0115,2025-01-02,present,8
E0115,06-01-2025,present,7
E0115,07 Jan 2025,wfh,8
E0115,2025-01-08,P,8
E0115,09 Jan 2025,Present,7.5
E0115,10-01-2025,present,8
E0115,13 Jan 2025,P,8
E0115,14 Jan 2025,P,8
E0115,01/15/2025,present,9
E0115,2025-01-16,P,7
E0115,01/17/2025,present,8
E0115,20 Jan 2025,P,8
E0115,01/21/2025,present,8
E0115,01/22/2025,present,8
E0115,24 Jan 2025,present,7
E0115,2025-01-27,Present,9
E0115,28 Jan 2025,Work From Home,8
E0115,01/29/2025,present,7
E0115,30 Jan 2025,P,7.5
E0115,2025-02-03,present,8
E0115,2025-02-04,Present,7.5
E0115,2025-02-05,leave,
E0115,07 Feb 2025,present,7
E0115,11 Feb 2025,Present,9
E0115,12 Feb 2025,present,8
E0115,2025-02-14,Present,7
E0115,17 Feb 2025,P,9
E0115,18 Feb 2025,Present,7
E0115,2025-02-19,Present,7.5
E0115,02/20/2025,PRESENT,8
E0115,21 Feb 2025,P,9
E0115,24 Feb 2025,P,7
E0115,25 Feb 2025,P,8
E0115,27-02-2025,P,8
E0115,03-03-2025,PRESENT,7
E0115,04 Mar 2025,PRESENT,7.5
E0115,03/05/2025,P,8
E0115,06-03-2025,Present,8
E0115,07-03-2025,Present,8
E0115,11-03-2025,P,7
E0115,2025-03-12,Present,7
E0115,13-03-2025,Present,7
E0116,03 Jan 2025,Present,7.5
E0116,06 Jan 2025,leave,
E0116,01/07/2025,PRESENT,8
E0116,01/08/2025,Present,8
E0116,09-01-2025,P,8
E0116,10 Jan 2025,P,9
E0116,13 Jan 2025,present,7
E0116,14 Jan 2025,absent,
E0116,15 Jan 2025,present,8
E0116,16 Jan 2025,present,9
E0116,01/17/2025,Present,7
E0116,20 Jan 2025,Present,8
E0116,2025-01-21,Present,8
E0116,22-01-2025,present,8
E0116,24-01-2025,WFH,9
E0116,27 Jan 2025,On Leave,
E0116,28-01-2025,Absent,
E0116,01/29/2025,Present,8
E0116,30-01-2025,Present,9
E0116,01/31/2025,Leave,
E0116,03-02-2025,present,8
E0116,02/04/2025,PRESENT,9
E0116,06 Feb 2025,Present,7.5
E0116,02/10/2025,Present,7.5
E0116,2025-02-12,PRESENT,8
E0116,14 Feb 2025,leave,
E0116,2025-02-17,Present,7
E0116,18 Feb 2025,present,7
E0116,2025-02-20,wfh,8
E0116,2025-02-21,Present,9
E0116,2025-02-24,P,8
E0116,25 Feb 2025,Present,8
E0116,27 Feb 2025,Present,8
E0116,03/03/2025,On Leave,
E0116,2025-03-05,Work From Home,8
E0116,03/06/2025,P,9
E0116,10 Mar 2025,present,7.5
E0116,03/12/2025,Present,8
E0116,2025-03-14,Present,8
E0116,17-03-2025,present,8
E0116,18 Mar 2025,P,8
E0116,2025-03-19,P,8
E0117,2025-01-02,present,8
E0117,2025-01-03,Present,9
E0117,06 Jan 2025,P,8
E0117,2025-01-07,present,8
E0117,09 Jan 2025,Present,8
E0117,10 Jan 2025,PRESENT,8
E0117,01/13/2025,Present,9
E0117,14 Jan 2025,present,8
E0117,01/16/2025,P,7
E0117,17-01-2025,present,7
E0117,20 Jan 2025,Present,9
E0117,21-01-2025,present,8
E0117,01/23/2025,PRESENT,7.5
E0117,01/24/2025,present,8
E0117,28 Jan 2025,Present,7
E0117,01/29/2025,present,8
E0117,2025-01-31,P,7.5
E0117,2025-02-03,PRESENT,7
E0117,2025-02-05,Leave,
E0117,06 Feb 2025,PRESENT,8
E0117,07 Feb 2025,P,8
E0117,2025-02-10,PRESENT,7.5
E0117,11 Feb 2025,PRESENT,8
E0117,2025-02-13,present,9
E0117,02/14/2025,A,
E0117,02/17/2025,P,8
E0117,2025-02-19,Work From Home,8
E0117,2025-02-20,P,8
E0117,02/24/2025,P,8
E0117,2025-02-25,P,8
E0117,26-02-2025,PRESENT,8
E0117,02/27/2025,WFH,8
E0117,28-02-2025,present,9
E0117,03/03/2025,present,8
E0117,04 Mar 2025,P,7.5
E0117,2025-03-05,leave,
E0117,06-03-2025,Present,7.5
E0117,2025-03-07,PRESENT,8
E0117,2025-03-10,Present,8
E0117,03/11/2025,Present,8
E0117,12 Mar 2025,Present,7.5
E0117,13 Mar 2025,present,7.5
E0117,03/14/2025,Present,7
E0118,02 Jan 2025,PRESENT,7.5
E0118,01/03/2025,P,8
E0118,07-01-2025,leave,
E0118,01/08/2025,P,7.5
E0118,2025-01-09,PRESENT,7
E0118,13-01-2025,PRESENT,7
E0118,2025-01-15,PRESENT,8
E0118,16 Jan 2025,present,9
E0118,17 Jan 2025,Work From Home,7.5
E0118,2025-01-21,present,8
E0118,2025-01-23,present,7
E0118,2025-01-28,present,8
E0118,2025-01-29,P,7
E0118,01/30/2025,P,8
E0118,01/31/2025,Present,8
E0118,2025-02-03,present,8
E0118,2025-02-04,P,7
E0118,02/05/2025,PRESENT,9
E0118,06 Feb 2025,L,
E0118,02/07/2025,Present,7.5
E0118,2025-02-10,PRESENT,7
E0118,02/11/2025,PRESENT,8
E0118,02/13/2025,Present,9
E0118,14-02-2025,Absent,
E0118,17 Feb 2025,PRESENT,8
E0118,2025-02-19,Present,7
E0118,2025-02-20,PRESENT,9
E0118,2025-02-21,On Leave,
E0118,02/24/2025,leave,
E0118,25 Feb 2025,On Leave,
E0118,27-02-2025,Present,8
E0118,03/03/2025,Work From Home,8
E0118,05-03-2025,leave,
E0118,07-03-2025,present,8
E0118,10-03-2025,Present,9
E0118,12-03-2025,present,7.5
E0118,13 Mar 2025,Present,8
E0118,14-03-2025,P,8
E0118,17-03-2025,P,8
E0118,19-03-2025,PRESENT,8
E0118,2025-03-20,Leave,
E0118,21-03-2025,Present,7.5
E0119,01/02/2025,P,9
E0119,2025-01-06,PRESENT,9
E0119,07 Jan 2025,PRESENT,8
E0119,09-01-2025,Present,7.5
E0119,10 Jan 2025,present,8
E0119,01/13/2025,Present,8
E0119,14-01-2025,A,
E0119,01/15/2025,present,8
E0119,17-01-2025,Present,8
E0119,2025-01-20,Present,8
E0119,01/21/2025,Present,7.5
E0119,22-01-2025,Absent,
E0119,23 Jan 2025,Present,9
E0119,24 Jan 2025,P,7.5
E0119,27 Jan 2025,P,7.5
E0119,28 Jan 2025,PRESENT,9
E0119,30-01-2025,Present,7
E0119,31-01-2025,PRESENT,9
E0119,03-02-2025,L,
E0119,2025-02-05,PRESENT,7
E0119,2025-02-06,P,7
E0119,2025-02-07,Present,8
E0119,10 Feb 2025,Work From Home,8
E0119,11 Feb 2025,PRESENT,8
E0119,12 Feb 2025,P,8
E0119,13-02-2025,P,9
E0119,18-02-2025,PRESENT,8
E0119,02/19/2025,P,8
E0119,20 Feb 2025,P,7.5
E0119,2025-02-21,P,9
E0119,24 Feb 2025,PRESENT,9
E0119,02/25/2025,P,8
E0119,2025-02-27,present,7
E0119,28-02-2025,P,8
E0119,03/03/2025,PRESENT,8
E0119,04 Mar 2025,P,7.5
E0119,2025-03-05,PRESENT,8
E0119,07 Mar 2025,P,8
E0119,11-03-2025,present,7
E0119,03/12/2025,P,9
E0119,03/14/2025,Present,8
E0120,02-01-2025,present,8
E0120,06-01-2025,Present,8
E0120,08-01-2025,present,8
E0120,01/09/2025,present,7.5
E0120,10-01-2025,present,7
E0120,13-01-2025,P,9
E0120,2025-01-15,P,8
E0120,17-01-2025,L,
E0120,2025-01-20,Present,7
E0120,2025-01-22,absent,
E0120,23 Jan 2025,Present,7
E0120,01/24/2025,PRESENT,8
E0120,27 Jan 2025,Present,7.5
E0120,01/28/2025,absent,
E0120,30 Jan 2025,PRESENT,8
E0120,01/31/2025,Present,7
E0120,03-02-2025,present,9
E0120,04-02-2025,Present,8
E0120,02/06/2025,Work From Home,7.5
E0120,07-02-2025,present,8
E0120,11-02-2025,PRESENT,8
E0120,12 Feb 2025,Present,7.5
E0120,2025-02-13,PRESENT,8
E0120,14-02-2025,P,7.5
E0120,02/17/2025,On Leave,
E0120,18-02-2025,leave,
E0120,02/20/2025,Absent,
E0120,2025-02-21,Present,9
E0120,02/25/2025,Leave,
E0120,26 Feb 2025,Present,7
E0120,2025-02-27,PRESENT,8
E0120,2025-02-28,A,
E0120,03/03/2025,present,7
E0120,04 Mar 2025,L,
E0120,05 Mar 2025,Present,9
E0120,2025-03-06,P,7.5
E0120,07-03-2025,present,9
E0120,11-03-2025,present,8
E0120,03/13/2025,Present,7
E0120,14 Mar 2025,Work From Home,7.5
E0120,17 Mar 2025,present,7
E0120,03/18/2025,Present,9
E0120,03/19/2025,present,9
E0120,20 Mar 2025,present,7
E0120,2025-03-21,present,8
E0121,02-01-2025,Leave,
E0121,2025-01-03,present,8
E0121,06-01-2025,present,8
E0121,07-01-2025,PRESENT,9
E0121,08-01-2025,P,9
E0121,2025-01-09,PRESENT,7
E0121,10-01-2025,PRESENT,7.5
E0121,01/13/2025,PRESENT,9
E0121,14-01-2025,Absent,
E0121,15-01-2025,Present,9
E0121,2025-01-16,PRESENT,8
E0121,01/17/2025,present,7
E0121,20 Jan 2025,P,8
E0121,01/21/2025,PRESENT,7.5
E0121,23-01-2025,PRESENT,7
E0121,01/24/2025,Present,8
E0121,27-01-2025,present,8
E0121,01/29/2025,present,8
E0121,01/30/2025,present,8
E0121,31-01-2025,P,8
E0121,04-02-2025,leave,
E0121,02/06/2025,PRESENT,8
E0121,02/07/2025,present,8
E0121,10-02-2025,present,8
E0121,2025-02-11,PRESENT,8
E0121,02/13/2025,Leave,
E0121,17-02-2025,present,8
E0121,19 Feb 2025,Present,8
E0121,02/20/2025,A,
E0121,02/21/2025,PRESENT,8
E0121,24 Feb 2025,Work From Home,9
E0121,26 Feb 2025,P,8
E0121,27-02-2025,P,9
E0121,04 Mar 2025,Present,8
E0121,2025-03-05,present,8
E0121,2025-03-07,P,8
E0121,2025-03-11,Present,9
E0121,12-03-2025,P,7
E0121,03/14/2025,PRESENT,8
E0121,17 Mar 2025,Work From Home,8
E0121,18-03-2025,PRESENT,8
E0121,03/19/2025,absent,
E0121,2025-03-21,Present,7.5
E0122,03 Jan 2025,present,8
E0122,06-01-2025,leave,
E0122,01/07/2025,P,8
E0122,09-01-2025,leave,
E0122,13-01-2025,P,8
E0122,15-01-2025,PRESENT,7.5
E0122,16 Jan 2025,Present,7.5
E0122,01/20/2025,wfh,9
E0122,21 Jan 2025,PRESENT,7.5
E0122,23-01-2025,P,8
E0122,24-01-2025,P,7.5
E0122,2025-01-27,PRESENT,9
E0122,28 Jan 2025,PRESENT,8
E0122,01/29/2025,Present,9
E0122,30 Jan 2025,P,9
E0122,01/31/2025,Present,8
E0122,03 Feb 2025,PRESENT,8
E0122,05 Feb 2025,P,7.5
E0122,2025-02-06,Work From Home,8
E0122,2025-02-07,P,8
E0122,02/10/2025,PRESENT,9
E0122,2025-02-11,A,
E0122,12 Feb 2025,present,8
E0122,02/13/2025,Leave,
E0122,17-02-2025,P,8
E0122,18 Feb 2025,Leave,
E0122,20 Feb 2025,Present,8
E0122,2025-02-21,Present,7
E0122,24-02-2025,present,7
E0122,2025-02-25,Present,8
E0122,26 Feb 2025,absent,
E0122,2025-02-27,present,7.5
E0122,28 Feb 2025,PRESENT,9
E0122,03/03/2025,WFH,9
E0122,05-03-2025,Present,9
E0122,06-03-2025,Present,8
E0122,2025-03-07,present,8
E0122,10-03-2025,P,8
E0122,03/11/2025,PRESENT,8
E0122,13 Mar 2025,absent,
E0122,17 Mar 2025,P,8
E0122,18 Mar 2025,P,8
E0122,19 Mar 2025,P,9
E0122,03/21/2025,P,8
E0123,02 Jan 2025,present,8
E0123,03-01-2025,wfh,8
E0123,01/06/2025,present,7
E0123,2025-01-07,PRESENT,7
E0123,01/08/2025,A,
E0123,2025-01-10,present,7
E0123,13 Jan 2025,Present,8
E0123,15 Jan 2025,P,8
E0123,16 Jan 2025,Present,8
E0123,2025-01-17,P,8
E0123,20-01-2025,PRESENT,8
E0123,01/21/2025,wfh,9
E0123,01/22/2025,absent,
E0123,23 Jan 2025,wfh,9
E0123,28-01-2025,Present,7.5
E0123,01/29/2025,Leave,
E0123,2025-01-30,PRESENT,7.5
E0123,02/03/2025,PRESENT,9
E0123,04-02-2025,PRESENT,8
E0123,05 Feb 2025,Present,7.5
E0123,06 Feb 2025,Present,8
E0123,02/07/2025,present,7.5
E0123,10-02-2025,Present,8
E0123,2025-02-11,wfh,7
E0123,02/13/2025,present,9
E0123,2025-02-14,Leave,
E0123,17-02-2025,WFH,8
E0123,18 Feb 2025,PRESENT,7.5
E0123,19 Feb 2025,Present,8
E0123,2025-02-20,Present,8
E0123,2025-02-21,Present,7
E0123,24-02-2025,PRESENT,8
E0123,26-02-2025,Present,9
E0123,2025-02-27,P,8
E0123,28 Feb 2025,P,9
E0123,03/03/2025,Work From Home,7
E0123,03/04/2025,PRESENT,8
E0123,05-03-2025,Present,8
E0123,06 Mar 2025,Present,9
E0123,2025-03-10,present,7.5
E0123,11 Mar 2025,Absent,
E0124,02-01-2025,present,7.5
E0124,07 Jan 2025,P,8
E0124,2025-01-08,present,9
E0124,10-01-2025,Present,9
E0124,01/13/2025,PRESENT,8
E0124,01/14/2025,P,7
E0124,15 Jan 2025,Present,9
E0124,01/16/2025,P,9
E0124,17 Jan 2025,A,
E0124,20-01-2025,PRESENT,7.5
E0124,01/21/2025,Present,9
E0124,2025-01-23,P,7
E0124,24-01-2025,present,8
E0124,2025-01-27,L,
E0124,2025-01-29,Work From Home,9
E0124,30-01-2025,Present,8
E0124,31-01-2025,PRESENT,7.5
E0124,02/03/2025,PRESENT,8
E0124,04 Feb 2025,P,8
E0124,02/06/2025,present,7
E0124,11-02-2025,present,8
E0124,12 Feb 2025,wfh,7.5
E0124,2025-02-13,Work From Home,8
E0124,2025-02-17,Present,7.5
E0124,2025-02-18,PRESENT,8
E0124,19-02-2025,PRESENT,8
E0124,02/20/2025,Present,8
E0124,2025-02-21,present,8
E0124,2025-02-24,Present,8
E0124,25-02-2025,P,8
E0124,26 Feb 2025,L,
E0124,02/27/2025,present,8
E0124,02/28/2025,present,7.5
E0124,03-03-2025,PRESENT,7.5
E0124,05 Mar 2025,leave,
E0124,06 Mar 2025,P,8
E0124,2025-03-11,present,8
E0124,03/12/2025,P,8
E0124,13 Mar 2025,present,7
E0124,03/14/2025,leave,
E0124,17-03-2025,P,8
E0124,18 Mar 2025,PRESENT,8
E0125,02-01-2025,PRESENT,7
E0125,06 Jan 2025,present,8
E0125,2025-01-07,Absent,
E0125,09 Jan 2025,Present,8
E0125,01/13/2025,Present,7
E0125,14-01-2025,present,7
E0125,16-01-2025,Absent,
E0125,2025-01-17,present,7.5
E0125,01/20/2025,present,8
E0125,2025-01-22,Present,8
E0125,24-01-2025,Present,7
E0125,27-01-2025,PRESENT,8
E0125,01/28/2025,absent,
E0125,30 Jan 2025,PRESENT,8
E0125,2025-02-03,PRESENT,8
E0125,02/04/2025,Present,8
E0125,05 Feb 2025,Leave,
E0125,02/07/2025,L,
E0125,02/10/2025,PRESENT,9
E0125,12-02-2025,Work From Home,8
E0125,2025-02-13,present,9
E0125,2025-02-17,present,8
E0125,2025-02-18,Present,8
E0125,19 Feb 2025,Present,9
E0125,02/21/2025,PRESENT,8
E0125,2025-02-25,PRESENT,7.5
E0125,27 Feb 2025,PRESENT,8
E0125,2025-02-28,Present,8
E0125,03-03-2025,PRESENT,8
E0125,04-03-2025,PRESENT,8
E0125,03/05/2025,present,8
E0125,03/06/2025,PRESENT,8
E0125,07 Mar 2025,PRESENT,9
E0125,2025-03-10,PRESENT,8
E0125,2025-03-11,PRESENT,8
E0125,2025-03-12,present,9
E0125,13 Mar 2025,Work From Home,8
E0125,03/17/2025,On Leave,
E0125,18-03-2025,absent,
E0125,20-03-2025,present,8
E0125,21-03-2025,P,8
E0125,2025-03-24,PRESENT,9
E0126,2025-01-03,present,8
E0126,01/06/2025,P,7.5
E0126,2025-01-07,Work From Home,8
E0126,2025-01-09,present,8
E0126,2025-01-13,PRESENT,9
E0126,01/15/2025,PRESENT,7.5
E0126,16-01-2025,PRESENT,8
E0126,2025-01-17,PRESENT,8
E0126,2025-01-20,present,8
E0126,01/21/2025,P,7.5
E0126,22-01-2025,PRESENT,8
E0126,23 Jan 2025,Present,8
E0126,27 Jan 2025,P,9
E0126,2025-01-28,WFH,8
E0126,01/29/2025,Present,8
E0126,31 Jan 2025,Work From Home,9
E0126,04-02-2025,P,7
E0126,05-02-2025,Present,9
E0126,06 Feb 2025,Present,8
E0126,07 Feb 2025,P,8
E0126,02/10/2025,P,9
E0126,02/11/2025,PRESENT,8
E0126,02/13/2025,present,8
E0126,2025-02-17,Work From Home,9
E0126,02/19/2025,Present,8
E0126,20-02-2025,present,8
E0126,02/21/2025,PRESENT,7
E0126,02/24/2025,P,8
E0126,26 Feb 2025,present,8
E0126,27-02-2025,P,8
E0126,28-02-2025,Present,7.5
E0126,03 Mar 2025,present,8
E0126,04-03-2025,present,8
E0126,05 Mar 2025,Work From Home,7.5
E0126,2025-03-06,L,
E0126,07-03-2025,P,8
E0126,2025-03-10,WFH,7
E0126,11-03-2025,present,8
E0126,2025-03-12,present,8
E0126,2025-03-14,Work From Home,8
E0126,03/17/2025,On Leave,
E0126,2025-03-18,PRESENT,8
E0127,2025-01-02,Present,9
E0127,03-01-2025,P,7.5
E0127,01/06/2025,Present,9
E0127,08 Jan 2025,A,
E0127,2025-01-09,A,
E0127,13-01-2025,present,7.5
E0127,01/14/2025,present,7.5
E0127,15-01-2025,Present,7
E0127,16-01-2025,present,8
E0127,2025-01-17,P,8
E0127,21 Jan 2025,Present,8
E0127,23 Jan 2025,present,8
E0127,24 Jan 2025,PRESENT,7
E0127,28 Jan 2025,Present,9
E0127,29-01-2025,Work From Home,7.5
E0127,30-01-2025,P,8
E0127,01/31/2025,P,8
E0127,2025-02-03,PRESENT,9
E0127,2025-02-05,P,8
E0127,06-02-2025,Present,8
E0127,07-02-2025,present,8
E0127,10-02-2025,A,
E0127,02/12/2025,present,8
E0127,13 Feb 2025,Absent,
E0127,2025-02-14,Present,9
E0127,18 Feb 2025,WFH,8
E0127,02/20/2025,Work From Home,8
E0127,02/21/2025,WFH,7
E0127,02/24/2025,absent,
E0127,02/26/2025,Absent,
E0127,27 Feb 2025,Present,8
E0127,28-02-2025,A,
E0127,03/03/2025,PRESENT,8
E0127,04 Mar 2025,Present,7
E0127,05 Mar 2025,PRESENT,7
E0127,03/06/2025,PRESENT,8
E0127,07-03-2025,present,9
E0127,10-03-2025,present,7.5
E0127,11-03-2025,P,8
E0127,12 Mar 2025,P,7
E0127,14-03-2025,P,9
E0127,2025-03-17,P,7
E0128,2025-01-02,P,7
E0128,01/03/2025,Work From Home,8
E0128,06 Jan 2025,PRESENT,7
E0128,08-01-2025,P,7
E0128,10 Jan 2025,PRESENT,8
E0128,01/14/2025,Present,7.5
E0128,15 Jan 2025,P,9
E0128,2025-01-16,L,
E0128,2025-01-17,Present,8
E0128,21-01-2025,present,7
E0128,01/22/2025,PRESENT,8
E0128,2025-01-24,PRESENT,8
E0128,28-01-2025,Absent,
E0128,2025-01-29,P,8
E0128,2025-01-31,PRESENT,8
E0128,02/03/2025,P,7.5
E0128,2025-02-05,present,8
E0128,02/06/2025,wfh,7
E0128,07 Feb 2025,PRESENT,9
E0128,02/10/2025,P,8
E0128,12 Feb 2025,present,8
E0128,13 Feb 2025,P,8
E0128,18 Feb 2025,present,8
E0128,02/19/2025,P,8
E0128,21 Feb 2025,Present,7
E0128,02/24/2025,P,7.5
E0128,02/25/2025,present,8
E0128,02/26/2025,present,7
E0128,2025-02-27,present,8
E0128,04 Mar 2025,Absent,
E0128,2025-03-05,Present,8
E0128,06 Mar 2025,P,8
E0128,03/07/2025,PRESENT,7
E0128,11 Mar 2025,Present,7
E0128,12 Mar 2025,PRESENT,8
E0128,13-03-2025,Present,8
E0128,03/14/2025,PRESENT,8
E0128,03/17/2025,Work From Home,8
E0128,18 Mar 2025,Present,8
E0128,03/20/2025,Present,9
E0128,21-03-2025,present,7.5
E0129,02-01-2025,L,
E0129,03 Jan 2025,PRESENT,8
E0129,01/06/2025,wfh,9
E0129,08 Jan 2025,P,7.5
E0129,09-01-2025,A,
E0129,2025-01-10,absent,
E0129,13 Jan 2025,Present,8
E0129,01/14/2025,P,7
E0129,15-01-2025,Present,8
E0129,16 Jan 2025,Present,7.5
E0129,17-01-2025,Present,7.5
E0129,2025-01-20,P,8
E0129,2025-01-21,WFH,8
E0129,2025-01-23,Present,7
E0129,27-01-2025,P,8
E0129,28 Jan 2025,P,9
E0129,29 Jan 2025,Present,7.5
E0129,01/30/2025,PRESENT,8
E0129,31 Jan 2025,PRESENT,8
E0129,03-02-2025,Present,8
E0129,04 Feb 2025,leave,
E0129,05-02-2025,P,8
E0129,06-02-2025,PRESENT,8
E0129,10 Feb 2025,Present,8
E0129,02/12/2025,P,9
E0129,02/13/2025,PRESENT,7
E0129,2025-02-14,present,8
E0129,2025-02-17,P,7
E0129,02/18/2025,PRESENT,8
E0129,19-02-2025,PRESENT,8
E0129,20 Feb 2025,present,8
E0129,21 Feb 2025,present,7
E0129,02/24/2025,Present,8
E0129,25 Feb 2025,P,7.5
E0129,26-02-2025,PRESENT,8
E0129,27 Feb 2025,present,8
E0129,03/04/2025,P,8
E0129,2025-03-05,PRESENT,7.5
E0129,06 Mar 2025,P,8
E0129,07 Mar 2025,P,8
E0129,11-03-2025,PRESENT,7.5
E0129,2025-03-12,Present,7.5
E0129,13 Mar 2025,present,8
E0130,2025-01-02,Present,8
E0130,2025-01-03,P,9
E0130,01/06/2025,present,8
E0130,2025-01-08,present,7.5
E0130,09 Jan 2025,Present,7.5
E0130,2025-01-10,Present,9
E0130,13-01-2025,present,7
E0130,2025-01-15,present,8
E0130,16-01-2025,PRESENT,8
E0130,01/17/2025,PRESENT,7.5
E0130,01/20/2025,PRESENT,7.5
E0130,2025-01-21,A,
E0130,23-01-2025,P,8
E0130,01/24/2025,Present,7.5
E0130,01/27/2025,P,9
E0130,01/29/2025,Present,9
E0130,30-01-2025,Present,8
E0130,31-01-2025,P,8
E0130,2025-02-03,P,7.5
E0130,2025-02-04,Present,9
E0130,05 Feb 2025,Present,8
E0130,06 Feb 2025,Present,9
E0130,02/10/2025,WFH,8
E0130,11 Feb 2025,wfh,8
E0130,02/12/2025,present,9
E0130,02/13/2025,P,8
E0130,14-02-2025,present,8
E0130,2025-02-17,WFH,8
E0130,02/18/2025,present,7
E0130,02/19/2025,Present,7.5
E0130,2025-02-20,PRESENT,7
E0130,21-02-2025,P,7.5
E0130,24-02-2025,Present,8
E0130,25-02-2025,present,8
E0130,2025-02-26,Present,8
E0130,2025-02-27,P,7
E0130,2025-02-28,present,9
E0130,03/03/2025,Present,8
E0130,03/04/2025,Absent,
E0130,05-03-2025,Present,8
E0130,06-03-2025,leave,
E0130,2025-03-07,present,9
E0130,2025-03-11,P,8
E0131,01/03/2025,Work From Home,8
E0131,06-01-2025,Present,8
E0131,2025-01-08,Present,9
E0131,10-01-2025,present,7
E0131,2025-01-14,Work From Home,7
E0131,2025-01-15,P,8
E0131,2025-01-17,P,7
E0131,21-01-2025,Present,9
E0131,22-01-2025,PRESENT,8
E0131,23-01-2025,present,8
E0131,24-01-2025,P,9
E0131,27 Jan 2025,Present,8
E0131,28-01-2025,PRESENT,8
E0131,29 Jan 2025,P,8
E0131,30-01-2025,present,8
E0131,31 Jan 2025,present,9
E0131,02/03/2025,PRESENT,8
E0131,2025-02-04,PRESENT,8
E0131,05-02-2025,present,9
E0131,06 Feb 2025,P,8
E0131,2025-02-07,PRESENT,8
E0131,10 Feb 2025,Present,8
E0131,12 Feb 2025,Present,8
E0131,2025-02-14,Present,8
E0131,17 Feb 2025,PRESENT,8
E0131,02/18/2025,PRESENT,8
E0131,19-02-2025,Present,8
E0131,21-02-2025,present,7
E0131,24 Feb 2025,present,7.5
E0131,02/26/2025,present,7
E0131,02/27/2025,P,7
E0131,03/03/2025,P,9
E0131,2025-03-04,On Leave,
E0131,2025-03-05,PRESENT,8
E0131,2025-03-06,Present,8
E0131,03/07/2025,Present,9
E0131,11 Mar 2025,present,8
E0131,03/12/2025,Present,8
E0131,03/13/2025,PRESENT,7.5
E0131,03/14/2025,Present,8
E0131,17 Mar 2025,present,7
E0131,2025-03-18,P,8
E0131,20 Mar 2025,present,8
E0132,01/02/2025,P,7.5
E0132,03 Jan 2025,PRESENT,9
E0132,01/06/2025,Present,7.5
E0132,07 Jan 2025,P,9
E0132,01/09/2025,Leave,
E0132,10-01-2025,PRESENT,8
E0132,13-01-2025,Present,8
E0132,15-01-2025,Present,9
E0132,2025-01-16,present,8
E0132,17 Jan 2025,Present,8
E0132,20 Jan 2025,present,8
E0132,2025-01-21,absent,
E0132,2025-01-22,present,7.5
E0132,23-01-2025,P,7.5
E0132,24 Jan 2025,On Leave,
E0132,27-01-2025,Present,7
E0132,28-01-2025,P,9
E0132,01/29/2025,A,
E0132,2025-01-31,Present,7
E0132,03-02-2025,Leave,
E0132,02/04/2025,P,9
E0132,02/05/2025,P,8
E0132,2025-02-06,Present,7.5
E0132,07-02-2025,present,7
E0132,02/10/2025,PRESENT,7
E0132,11-02-2025,Present,8
E0132,2025-02-12,Present,8
E0132,14 Feb 2025,PRESENT,7
E0132,02/17/2025,P,8
E0132,2025-02-18,Present,8
E0132,02/20/2025,P,7.5
E0132,2025-02-25,Present,8
E0132,2025-02-26,P,8
E0132,28-02-2025,present,7.5
E0132,03/03/2025,PRESENT,7
E0132,05 Mar 2025,WFH,7
E0132,2025-03-06,P,8
E0132,07-03-2025,wfh,9
E0132,10-03-2025,Work From Home,7.5
E0132,2025-03-11,P,9
E0132,2025-03-12,Present,7.5
E0132,13-03-2025,P,8
E0132,14 Mar 2025,PRESENT,8
E0132,2025-03-17,L,
E0133,01/02/2025,P,7
E0133,06-01-2025,Work From Home,8
E0133,07 Jan 2025,present,9
E0133,01/08/2025,PRESENT,8
E0133,09 Jan 2025,Absent,
E0133,10-01-2025,Present,8
E0133,13-01-2025,Work From Home,8
E0133,2025-01-14,Work From Home,8
E0133,15 Jan 2025,Work From Home,8
E0133,2025-01-17,present,7.5
E0133,20-01-2025,present,7.5
E0133,01/22/2025,Present,7.5
E0133,2025-01-23,Present,7
E0133,01/24/2025,P,8
E0133,27 Jan 2025,wfh,8
E0133,2025-01-28,P,7.5
E0133,30 Jan 2025,present,8
E0133,2025-01-31,WFH,9
E0133,02/03/2025,WFH,8
E0133,05 Feb 2025,P,8
E0133,2025-02-06,Present,7.5
E0133,07 Feb 2025,absent,
E0133,10-02-2025,PRESENT,8
E0133,12 Feb 2025,leave,
E0133,02/13/2025,Present,8
E0133,2025-02-14,present,8
E0133,17-02-2025,P,7
E0133,18 Feb 2025,PRESENT,8
E0133,02/19/2025,On Leave,
E0133,20-02-2025,P,9
E0133,2025-02-24,wfh,7.5
E0133,25-02-2025,Present,8
E0133,26-02-2025,Present,7
E0133,27-02-2025,Absent,
E0133,28-02-2025,absent,
E0133,03/03/2025,L,
E0133,04-03-2025,A,
E0133,05-03-2025,WFH,7
E0133,2025-03-06,present,8
E0133,03/11/2025,present,9
E0133,12-03-2025,PRESENT,8
E0133,03/14/2025,P,9
E0133,17-03-2025,wfh,8
E0133,03/18/2025,Present,8
E0133,19 Mar 2025,present,7
E0133,03/20/2025,P,7
E0133,21-03-2025,P,8
E0134,01/03/2025,P,8
E0134,2025-01-07,L,
E0134,01/08/2025,Absent,
E0134,01/09/2025,present,9
E0134,10 Jan 2025,present,9
E0134,2025-01-13,present,8
E0134,01/14/2025,On Leave,
E0134,2025-01-15,P,8
E0134,16 Jan 2025,PRESENT,7.5
E0134,20-01-2025,present,7.5
E0134,22 Jan 2025,Present,8
E0134,2025-01-24,PRESENT,8
E0134,27 Jan 2025,present,8
E0134,28-01-2025,PRESENT,8
E0134,01/29/2025,PRESENT,8
E0134,31 Jan 2025,P,7.5
E0134,2025-02-03,present,8
E0134,2025-02-04,Present,7.5
E0134,02/05/2025,P,8
E0134,2025-02-07,wfh,7.5
E0134,02/10/2025,Present,8
E0134,11-02-2025,PRESENT,9
E0134,12 Feb 2025,present,8
E0134,2025-02-13,P,7.5
E0134,17-02-2025,Leave,
E0134,02/18/2025,PRESENT,9
E0134,19-02-2025,Present,8
E0134,02/20/2025,present,7
E0134,21 Feb 2025,present,8
E0134,02/24/2025,P,9
E0134,25 Feb 2025,P,7.5
E0134,2025-02-26,PRESENT,8
E0134,27-02-2025,P,7.5
E0134,2025-02-28,Present,8
E0134,03/03/2025,Present,8
E0134,05 Mar 2025,P,7.5
E0134,2025-03-06,PRESENT,8
E0134,2025-03-07,Present,7
E0134,03/10/2025,PRESENT,9
E0134,11-03-2025,present,7.5
E0134,03/12/2025,Present,8
E0134,03/13/2025,Present,7.5
E0134,2025-03-14,present,9
E0134,17-03-2025,Work From Home,7.5
E0135,03-01-2025,present,8
E0135,06 Jan 2025,present,7
E0135,2025-01-08,P,9
E0135,2025-01-09,Present,8
E0135,10-01-2025,Leave,
E0135,13 Jan 2025,PRESENT,8
E0135,2025-01-14,PRESENT,8
E0135,15 Jan 2025,Present,8
E0135,01/16/2025,P,9
E0135,17-01-2025,PRESENT,7
E0135,20 Jan 2025,A,
E0135,2025-01-22,present,7
E0135,01/23/2025,PRESENT,7.5
E0135,01/24/2025,Present,8
E0135,2025-01-28,present,8
E0135,29 Jan 2025,wfh,8
E0135,01/31/2025,PRESENT,9
E0135,2025-02-03,PRESENT,7.5
E0135,04 Feb 2025,P,7.5
E0135,06-02-2025,present,8
E0135,07-02-2025,P,8
E0135,10-02-2025,leave,
E0135,2025-02-12,P,7
E0135,2025-02-13,present,8
E0135,02/14/2025,PRESENT,8
E0135,17 Feb 2025,P,8
E0135,02/19/2025,Present,7
E0135,21-02-2025,wfh,7.5
E0135,2025-02-25,present,8
E0135,26 Feb 2025,Present,7
E0135,27 Feb 2025,PRESENT,8
E0135,2025-02-28,Absent,
E0135,03 Mar 2025,present,8
E0135,04 Mar 2025,present,8
E0135,03/06/2025,Present,7.5
E0135,07 Mar 2025,P,8
E0135,03/10/2025,P,8
E0135,12 Mar 2025,PRESENT,9
E0135,03/13/2025,On Leave,
E0135,17-03-2025,P,8
E0135,03/18/2025,P,8
E0137,02 Jan 2025,P,7.5
E0137,2025-01-03,PRESENT,8
E0137,2025-01-06,leave,
E0137,07 Jan 2025,Leave,
E0137,09 Jan 2025,present,9
E0137,01/10/2025,PRESENT,8
E0137,13-01-2025,A,
E0137,2025-01-15,PRESENT,7.5
E0137,16-01-2025,wfh,8
E0137,01/20/2025,PRESENT,8
E0137,22 Jan 2025,Present,8
E0137,23-01-2025,WFH,8
E0137,27-01-2025,wfh,9
E0137,01/29/2025,P,7
E0137,01/30/2025,Present,8
E0137,03-02-2025,PRESENT,8
E0137,2025-02-04,L,
E0137,05-02-2025,Work From Home,9
E0137,06 Feb 2025,present,9
E0137,2025-02-07,P,7.5
E0137,10-02-2025,present,8
E0137,2025-02-11,present,7.5
E0137,2025-02-13,PRESENT,8
E0137,2025-02-14,PRESENT,8
E0137,17-02-2025,WFH,7.5
E0137,18-02-2025,P,8
E0137,2025-02-19,PRESENT,8
E0137,20-02-2025,absent,
E0137,21-02-2025,present,9
E0137,2025-02-24,Present,8
E0137,02/25/2025,P,7
E0137,26-02-2025,On Leave,
E0137,2025-02-27,PRESENT,8
E0137,2025-02-28,PRESENT,8
E0137,2025-03-03,P,7.5
E0137,2025-03-05,P,8
E0137,06 Mar 2025,present,8
E0137,07 Mar 2025,Present,8
E0137,10 Mar 2025,present,8
E0137,11-03-2025,Work From Home,8
E0137,12-03-2025,WFH,7.5
E0137,14-03-2025,PRESENT,9
E0137,17 Mar 2025,Present,8
E0137,2025-03-18,Leave,
E0138,01/02/2025,Present,7.5
E0138,03 Jan 2025,Present,8
E0138,01/06/2025,L,
E0138,01/07/2025,present,9
E0138,01/08/2025,Present,9
E0138,01/10/2025,A,
E0138,01/13/2025,P,7
E0138,14-01-2025,Leave,
E0138,15 Jan 2025,On Leave,
E0138,17-01-2025,present,8
E0138,01/20/2025,P,7.5
E0138,21-01-2025,present,7.5
E0138,22-01-2025,WFH,8
E0138,2025-01-23,P,8
E0138,24 Jan 2025,PRESENT,8
E0138,27 Jan 2025,Absent,
E0138,01/28/2025,PRESENT,8
E0138,29 Jan 2025,P,8
E0138,30 Jan 2025,PRESENT,7
E0138,2025-01-31,A,
E0138,03 Feb 2025,P,7
E0138,2025-02-04,P,7.5
E0138,02/05/2025,Present,8
E0138,06 Feb 2025,Leave,
E0138,2025-02-07,Present,7
E0138,2025-02-10,P,7
E0138,12-02-2025,P,8
E0138,2025-02-13,P,8
E0138,02/17/2025,present,7
E0138,2025-02-18,PRESENT,7.5
E0138,19-02-2025,P,7
E0138,2025-02-20,wfh,9
E0138,21-02-2025,Present,9
E0138,24-02-2025,P,8
E0138,25-02-2025,P,8
E0138,2025-02-26,PRESENT,7
E0138,27 Feb 2025,PRESENT,9
E0138,03-03-2025,PRESENT,8
E0138,04-03-2025,Present,7
E0138,05-03-2025,P,7
E0138,03/07/2025,PRESENT,7
E0138,10 Mar 2025,PRESENT,8
E0138,03/11/2025,present,9
E0138,12 Mar 2025,present,8
E0138,2025-03-13,L,
E0139,02 Jan 2025,P,8
E0139,01/03/2025,present,8
E0139,2025-01-06,present,7
E0139,01/07/2025,Present,8
E0139,01/09/2025,PRESENT,7
E0139,10 Jan 2025,present,8
E0139,14 Jan 2025,Present,9
E0139,2025-01-15,absent,
E0139,17-01-2025,P,8
E0139,2025-01-21,Present,8
E0139,22 Jan 2025,present,8
E0139,2025-01-23,Present,9
E0139,01/27/2025,P,7.5
E0139,01/28/2025,present,8
E0139,30-01-2025,Present,7
E0139,2025-01-31,Present,9
E0139,02/04/2025,PRESENT,8
E0139,05 Feb 2025,PRESENT,8
E0139,06 Feb 2025,present,7
E0139,02/07/2025,Present,7
E0139,10 Feb 2025,PRESENT,8
E0139,02/11/2025,PRESENT,8
E0139,02/13/2025,wfh,7
E0139,14 Feb 2025,leave,
E0139,02/18/2025,Present,8
E0139,2025-02-19,WFH,8
E0139,2025-02-21,WFH,7
E0139,24-02-2025,P,8
E0139,02/25/2025,present,8
E0139,27 Feb 2025,P,8
E0139,2025-03-03,PRESENT,8
E0139,2025-03-05,Present,7.5
E0139,03/06/2025,present,9
E0139,10 Mar 2025,Work From Home,7.5
E0139,03/11/2025,Present,9
E0139,12-03-2025,present,8
E0139,2025-03-13,PRESENT,8
E0139,2025-03-14,present,8
E0139,17 Mar 2025,WFH,8
E0139,03/19/2025,present,9
E0139,20 Mar 2025,Work From Home,7
E0139,03/21/2025,Present,8
E0139,2025-03-24,present,8
E0141,01/02/2025,P,9
E0141,2025-01-07,present,8
E0141,09 Jan 2025,leave,
E0141,01/10/2025,Leave,
E0141,13 Jan 2025,present,8
E0141,14-01-2025,L,
E0141,2025-01-15,PRESENT,8
E0141,2025-01-17,PRESENT,8
E0141,01/20/2025,present,8
E0141,21 Jan 2025,wfh,8
E0141,2025-01-23,PRESENT,8
E0141,2025-01-27,present,9
E0141,01/29/2025,leave,
E0141,01/30/2025,present,9
E0141,02/03/2025,present,7
E0141,2025-02-05,wfh,8
E0141,06 Feb 2025,A,
E0141,2025-02-11,wfh,9
E0141,12 Feb 2025,P,9
E0141,13 Feb 2025,present,7
E0141,17-02-2025,Present,9
E0141,2025-02-19,present,7.5
E0141,2025-02-20,A,
E0141,02/24/2025,On Leave,
E0141,25 Feb 2025,L,
E0141,2025-02-26,PRESENT,7.5
E0141,27-02-2025,P,7.5
E0141,02/28/2025,present,9
E0141,03/04/2025,WFH,8
E0141,2025-03-05,present,8
E0141,03/06/2025,P,8
E0141,10-03-2025,PRESENT,7
E0141,12 Mar 2025,Present,8
E0141,13 Mar 2025,P,7.5
E0141,2025-03-14,Present,8
E0141,03/17/2025,present,7.5
E0141,03/18/2025,Present,9
E0141,19 Mar 2025,PRESENT,8
E0141,03/21/2025,P,7.5
E0142,02 Jan 2025,PRESENT,7.5
E0142,2025-01-03,P,7
E0142,01/06/2025,Present,7.5
E0142,07 Jan 2025,present,9
E0142,01/08/2025,L,
E0142,09-01-2025,P,8
E0142,10-01-2025,Leave,
E0142,13 Jan 2025,Absent,
E0142,2025-01-14,Absent,
E0142,16 Jan 2025,present,9
E0142,2025-01-21,PRESENT,8
E0142,2025-01-23,PRESENT,8
E0142,2025-01-24,Work From Home,8
E0142,01/27/2025,leave,
E0142,29-01-2025,Present,8
E0142,01/30/2025,PRESENT,7
E0142,01/31/2025,wfh,8
E0142,02/03/2025,wfh,8
E0142,04-02-2025,PRESENT,7
E0142,2025-02-05,PRESENT,8
E0142,06-02-2025,Present,7.5
E0142,2025-02-07,P,8
E0142,10-02-2025,present,8
E0142,02/11/2025,absent,
E0142,2025-02-12,Present,7.5
E0142,02/13/2025,present,8
E0142,2025-02-17,Present,8
E0142,18-02-2025,Present,8
E0142,19 Feb 2025,present,8
E0142,20-02-2025,Present,9
E0142,2025-02-21,Work From Home,8
E0142,2025-02-24,leave,
E0142,02/26/2025,Present,7
E0142,2025-02-27,present,8
E0142,03/03/2025,P,9
E0142,03/05/2025,P,7
E0142,07-03-2025,present,7
E0142,10-03-2025,present,8
E0142,2025-03-11,PRESENT,8
E0142,12-03-2025,Present,8
E0142,03/14/2025,PRESENT,8
E0143,02-01-2025,Present,9
E0143,2025-01-03,present,7.5
E0143,06 Jan 2025,present,7.5
E0143,08-01-2025,PRESENT,9
E0143,10-01-2025,present,9
E0143,13-01-2025,PRESENT,7
E0143,01/14/2025,present,7
E0143,2025-01-15,Work From Home,8
E0143,2025-01-17,P,7
E0143,2025-01-21,P,8
E0143,01/22/2025,P,7.5
E0143,01/23/2025,A,
E0143,24 Jan 2025,present,9
E0143,01/27/2025,P,7
E0143,29-01-2025,On Leave,
E0143,31-01-2025,P,7
E0143,04 Feb 2025,L,
E0143,02/05/2025,On Leave,
E0143,06 Feb 2025,Present,7
E0143,07-02-2025,PRESENT,8
E0143,2025-02-10,Leave,
E0143,02/11/2025,present,7.5
E0143,2025-02-12,Present,8
E0143,02/14/2025,present,8
E0143,17 Feb 2025,Present,8
E0143,02/18/2025,PRESENT,8
E0143,2025-02-19,PRESENT,9
E0143,20-02-2025,Present,7.5
E0143,02/24/2025,On Leave,
E0143,26 Feb 2025,present,8
E0143,02/27/2025,present,7.5
E0143,2025-02-28,present,8
E0143,2025-03-03,P,8
E0143,05 Mar 2025,PRESENT,7
E0143,06-03-2025,Present,7.5
E0143,10 Mar 2025,PRESENT,7.5
E0143,2025-03-12,Present,8
E0143,2025-03-13,Present,7
E0143,14 Mar 2025,absent,
E0143,17-03-2025,P,7
E0143,2025-03-19,Present,7
E0143,21 Mar 2025,On Leave,
E0144,2025-01-02,Present,8
E0144,2025-01-03,PRESENT,8
E0144,2025-01-07,present,8
E0144,08-01-2025,Present,8
E0144,2025-01-09,PRESENT,9
E0144,10 Jan 2025,wfh,8
E0144,13-01-2025,Present,7
E0144,15 Jan 2025,present,7.5
E0144,16 Jan 2025,wfh,8
E0144,17 Jan 2025,Present,9
E0144,2025-01-20,Absent,
E0144,21 Jan 2025,Work From Home,9
E0144,2025-01-22,wfh,7.5
E0144,23-01-2025,A,
E0144,27 Jan 2025,Present,7.5
E0144,01/28/2025,Leave,
E0144,2025-01-29,A,
E0144,30-01-2025,P,8
E0144,2025-01-31,present,8
E0144,2025-02-03,A,
E0144,2025-02-04,P,8
E0144,05 Feb 2025,Present,9
E0144,06 Feb 2025,On Leave,
E0144,07-02-2025,Present,7
E0144,2025-02-10,P,7.5
E0144,2025-02-11,PRESENT,9
E0144,02/12/2025,Present,8
E0144,2025-02-13,absent,
E0144,17 Feb 2025,P,7
E0144,2025-02-18,PRESENT,9
E0144,02/20/2025,Present,9
E0144,2025-02-21,leave,
E0144,2025-02-24,present,8
E0144,02/25/2025,A,
E0144,2025-02-26,P,9
E0144,02/28/2025,Present,9
E0144,2025-03-04,L,
E0144,06-03-2025,Work From Home,7
E0144,07-03-2025,present,9
E0144,10-03-2025,PRESENT,7
E0144,12 Mar 2025,Present,7
E0144,2025-03-13,P,8
E0145,2025-01-02,P,8
E0145,01/03/2025,PRESENT,8
E0145,06 Jan 2025,P,8
E0145,08-01-2025,P,8
E0145,09-01-2025,present,8
E0145,01/10/2025,Present,8
E0145,13 Jan 2025,Present,8
E0145,15 Jan 2025,Present,7.5
E0145,01/16/2025,On Leave,
E0145,17 Jan 2025,P,8
E0145,20 Jan 2025,Absent,
E0145,21-01-2025,A,
E0145,23-01-2025,present,8
E0145,27-01-2025,present,7.5
E0145,29-01-2025,A,
E0145,01/30/2025,PRESENT,8
E0145,02/03/2025,P,8
E0145,2025-02-05,P,8
E0145,06 Feb 2025,P,7.5
E0145,02/10/2025,PRESENT,7
E0145,11 Feb 2025,PRESENT,8
E0145,2025-02-12,Present,7.5
E0145,02/13/2025,present,7
E0145,02/18/2025,present,7
E0145,2025-02-19,L,
E0145,02/20/2025,PRESENT,8
E0145,2025-02-21,Present,8
E0145,2025-02-24,Present,8
E0145,25 Feb 2025,PRESENT,8
E0145,02/27/2025,present,8
E0145,03 Mar 2025,PRESENT,7.5
E0145,03/05/2025,present,7.5
E0145,03/07/2025,present,8
E0145,03/11/2025,present,8
E0145,2025-03-12,present,7.5
E0145,13 Mar 2025,present,7.5
E0145,03/14/2025,PRESENT,7.5
E0145,03/17/2025,Present,8
E0145,18-03-2025,present,9
E0145,19-03-2025,PRESENT,8
E0145,20-03-2025,P,8
E0145,2025-03-21,P,7
E0146,03 Jan 2025,wfh,9
E0146,2025-01-06,PRESENT,8
E0146,01/07/2025,P,9
E0146,2025-01-09,present,8
E0146,10 Jan 2025,present,9
E0146,01/13/2025,PRESENT,8
E0146,01/14/2025,present,8
E0146,15 Jan 2025,P,8
E0146,2025-01-16,Present,9
E0146,2025-01-17,Present,8
E0146,20-01-2025,Absent,
E0146,21 Jan 2025,P,8
E0146,23 Jan 2025,Present,8
E0146,24 Jan 2025,Work From Home,8
E0146,28-01-2025,PRESENT,9
E0146,2025-01-29,PRESENT,7.5
E0146,01/30/2025,L,
E0146,31 Jan 2025,PRESENT,8
E0146,2025-02-03,P,7.5
E0146,04-02-2025,leave,
E0146,2025-02-05,PRESENT,8
E0146,07-02-2025,PRESENT,7.5
E0146,10-02-2025,present,7
E0146,02/11/2025,Present,7
E0146,13 Feb 2025,Work From Home,9
E0146,14 Feb 2025,present,8
E0146,02/17/2025,present,7.5
E0146,2025-02-18,L,
E0146,19 Feb 2025,Present,8
E0146,20-02-2025,A,
E0146,21 Feb 2025,PRESENT,8
E0146,02/24/2025,present,9
E0146,02/26/2025,P,8
E0146,2025-02-28,PRESENT,9
E0146,03-03-2025,WFH,8
E0146,2025-03-04,P,8
E0146,03/05/2025,PRESENT,8
E0146,06 Mar 2025,PRESENT,8
E0146,07 Mar 2025,present,8
E0146,2025-03-10,Present,9
E0146,03/12/2025,Present,8
E0146,14 Mar 2025,PRESENT,9
E0146,2025-03-17,present,8
E0146,18-03-2025,absent,
E0146,20-03-2025,present,8
E0147,02 Jan 2025,present,7
E0147,01/03/2025,present,8
E0147,2025-01-06,P,8
E0147,2025-01-07,WFH,7
E0147,09 Jan 2025,present,8
E0147,2025-01-10,Present,7.5
E0147,13-01-2025,P,8
E0147,14 Jan 2025,Present,7.5
E0147,16 Jan 2025,PRESENT,8
E0147,17-01-2025,Present,8
E0147,01/20/2025,Absent,
E0147,22 Jan 2025,PRESENT,8
E0147,2025-01-23,Present,7
E0147,01/24/2025,present,7.5
E0147,28-01-2025,P,7
E0147,29-01-2025,PRESENT,9
E0147,01/30/2025,PRESENT,8
E0147,01/31/2025,Present,7
E0147,04-02-2025,Present,8
E0147,2025-02-06,Present,8
E0147,2025-02-07,P,9
E0147,02/10/2025,Present,9
E0147,12 Feb 2025,Present,8
E0147,14-02-2025,Present,8
E0147,17 Feb 2025,PRESENT,7
E0147,02/18/2025,Present,7.5
E0147,02/19/2025,Absent,
E0147,20-02-2025,present,7.5
E0147,21 Feb 2025,Present,7.5
E0147,02/24/2025,PRESENT,8
E0147,26 Feb 2025,Present,8
E0147,02/27/2025,present,8
E0147,2025-02-28,Present,8
E0147,03-03-2025,Present,7.5
E0147,04-03-2025,Present,9
E0147,03/05/2025,On Leave,
E0147,2025-03-06,present,8
E0147,10-03-2025,present,7.5
E0147,11 Mar 2025,absent,
E0147,12-03-2025,L,
E0147,2025-03-14,Leave,
E0148,02-01-2025,Present,7.5
E0148,03-01-2025,Absent,
E0148,2025-01-06,Present,8
E0148,08-01-2025,A,
E0148,10-01-2025,leave,
E0148,2025-01-14,PRESENT,8
E0148,2025-01-15,Absent,
E0148,16 Jan 2025,present,9
E0148,01/17/2025,P,8
E0148,2025-01-21,PRESENT,7
E0148,2025-01-22,Present,8
E0148,24 Jan 2025,wfh,8
E0148,27 Jan 2025,PRESENT,8
E0148,29-01-2025,PRESENT,7.5
E0148,01/30/2025,PRESENT,8
E0148,04 Feb 2025,wfh,9
E0148,05 Feb 2025,Present,7.5
E0148,06-02-2025,P,8
E0148,07 Feb 2025,P,7.5
E0148,02/10/2025,PRESENT,8
E0148,11 Feb 2025,absent,
E0148,2025-02-13,Present,8
E0148,02/18/2025,PRESENT,7
E0148,02/19/2025,L,
E0148,02/20/2025,present,8
E0148,02/21/2025,present,8
E0148,2025-02-24,Absent,
E0148,02/25/2025,Present,8
E0148,02/26/2025,Present,8
E0148,02/27/2025,present,8
E0148,2025-02-28,Present,8
E0148,03/03/2025,present,8
E0148,04-03-2025,Present,7
E0148,2025-03-05,wfh,8
E0148,06-03-2025,PRESENT,9
E0148,03/07/2025,L,
E0148,03/11/2025,L,
E0148,12-03-2025,present,7
E0148,14-03-2025,WFH,7.5
E0148,17-03-2025,Present,8
E0148,18 Mar 2025,wfh,8
E0148,19 Mar 2025,On Leave,
E0148,20 Mar 2025,wfh,8
E0149,02 Jan 2025,PRESENT,8
E0149,01/06/2025,L,
E0149,07 Jan 2025,present,7.5
E0149,01/08/2025,PRESENT,9
E0149,09-01-2025,present,8
E0149,10-01-2025,On Leave,
E0149,01/13/2025,PRESENT,7.5
E0149,15 Jan 2025,PRESENT,8
E0149,17-01-2025,P,9
E0149,01/20/2025,P,7
E0149,21-01-2025,PRESENT,7.5
E0149,2025-01-22,P,8
E0149,01/23/2025,present,8
E0149,2025-01-24,Present,8
E0149,27 Jan 2025,Present,7
E0149,01/28/2025,PRESENT,8
E0149,30 Jan 2025,Work From Home,9
E0149,31-01-2025,present,7.5
E0149,2025-02-03,A,
E0149,04 Feb 2025,present,8
E0149,05-02-2025,P,7
E0149,2025-02-06,present,9
E0149,2025-02-07,P,8
E0149,10 Feb 2025,Present,8
E0149,2025-02-11,WFH,7
E0149,12 Feb 2025,PRESENT,7.5
E0149,02/14/2025,WFH,8
E0149,02/17/2025,Present,7.5
E0149,2025-02-18,present,7.5
E0149,2025-02-19,P,7
E0149,02/21/2025,Present,8
E0149,25 Feb 2025,P,9
E0149,26 Feb 2025,Present,7.5
E0149,28-02-2025,PRESENT,8
E0149,03/03/2025,present,7.5
E0149,03/04/2025,On Leave,
E0149,05 Mar 2025,present,8
E0149,03/06/2025,PRESENT,8
E0149,2025-03-10,present,7
E0149,03/11/2025,P,8
E0149,12 Mar 2025,L,
E0149,03/13/2025,leave,
E0149,2025-03-14,PRESENT,9
E0149,2025-03-17,Present,7
E0150,01/03/2025,present,8
E0150,07-01-2025,P,8
E0150,01/09/2025,Present,8
E0150,2025-01-13,P,9
E0150,2025-01-14,wfh,8
E0150,01/15/2025,present,8
E0150,16 Jan 2025,P,7.5
E0150,17 Jan 2025,present,8
E0150,2025-01-21,P,8
E0150,01/22/2025,P,7
E0150,23-01-2025,PRESENT,8
E0150,2025-01-24,Present,8
E0150,01/27/2025,Absent,
E0150,28 Jan 2025,Present,9
E0150,30-01-2025,Present,7
E0150,2025-01-31,Present,8
E0150,2025-02-03,present,8
E0150,05-02-2025,Present,8
E0150,06 Feb 2025,P,7
E0150,07-02-2025,A,
E0150,10-02-2025,Work From Home,7.5
E0150,02/12/2025,P,8
E0150,14 Feb 2025,Present,8
E0150,17 Feb 2025,P,7.5
E0150,2025-02-18,present,7
E0150,2025-02-20,P,7.5
E0150,2025-02-21,P,7
E0150,24 Feb 2025,present,8
E0150,25-02-2025,PRESENT,8
E0150,02/27/2025,present,9
E0150,04 Mar 2025,P,8
E0150,05 Mar 2025,PRESENT,9
E0150,06 Mar 2025,wfh,8
E0150,03/07/2025,A,
E0150,03/10/2025,P,7
E0150,12 Mar 2025,P,8
E0150,14 Mar 2025,leave,
E0150,2025-03-18,P,8
E0150,2025-03-19,wfh,7
E0150,2025-03-20,On Leave,
E0151,02-01-2025,present,8
E0151,03-01-2025,P,7.5
E0151,2025-01-06,present,9
E0151,07 Jan 2025,On Leave,
E0151,08-01-2025,Present,8
E0151,2025-01-09,present,7.5
E0151,13 Jan 2025,Present,7.5
E0151,2025-01-15,Present,9
E0151,16-01-2025,P,7.5
E0151,17 Jan 2025,Present,9
E0151,20-01-2025,absent,
E0151,21 Jan 2025,Absent,
E0151,22 Jan 2025,P,9
E0151,23 Jan 2025,PRESENT,8
E0151,24 Jan 2025,PRESENT,9
E0151,01/27/2025,present,8
E0151,01/29/2025,PRESENT,8
E0151,30-01-2025,PRESENT,7
E0151,31-01-2025,P,8
E0151,03 Feb 2025,PRESENT,7
E0151,04 Feb 2025,Work From Home,8
E0151,02/06/2025,P,7.5
E0151,07 Feb 2025,Leave,
E0151,2025-02-10,PRESENT,8
E0151,02/11/2025,P,8
E0151,02/12/2025,PRESENT,9
E0151,14 Feb 2025,P,7
E0151,17 Feb 2025,P,7
E0151,02/18/2025,Present,7.5
E0151,19-02-2025,L,
E0151,20 Feb 2025,present,7.5
E0151,24-02-2025,PRESENT,9
E0151,25 Feb 2025,On Leave,
E0151,2025-02-27,Work From Home,7
E0151,28 Feb 2025,Present,7
E0151,03-03-2025,absent,
E0151,03/05/2025,P,8
E0151,03/06/2025,PRESENT,8
E0151,03/07/2025,PRESENT,8
E0151,2025-03-10,Present,8
E0151,11-03-2025,Present,8
E0151,03/12/2025,P,8
E0151,03/14/2025,absent,
E0151,2025-03-17,PRESENT,9
E0152,2025-01-02,WFH,8
E0152,03-01-2025,present,9
E0152,06 Jan 2025,PRESENT,7.5
E0152,01/07/2025,PRESENT,7.5
E0152,08 Jan 2025,L,
E0152,2025-01-09,present,7.5
E0152,13 Jan 2025,WFH,7
E0152,14-01-2025,absent,
E0152,15-01-2025,present,7.5
E0152,16-01-2025,PRESENT,7.5
E0152,01/17/2025,PRESENT,7.5
E0152,01/20/2025,P,8
E0152,21-01-2025,Present,9
E0152,2025-01-22,Leave,
E0152,2025-01-23,P,7.5
E0152,01/27/2025,present,8
E0152,2025-01-28,absent,
E0152,29-01-2025,Present,8
E0152,01/30/2025,present,8
E0152,2025-02-03,Present,8
E0152,04 Feb 2025,leave,
E0152,2025-02-06,Present,8
E0152,07 Feb 2025,Present,8
E0152,10-02-2025,P,8
E0152,2025-02-11,PRESENT,8
E0152,12-02-2025,leave,
E0152,2025-02-13,PRESENT,8
E0152,14 Feb 2025,PRESENT,7
E0152,02/17/2025,PRESENT,8
E0152,18-02-2025,Leave,
E0152,2025-02-19,P,8
E0152,20 Feb 2025,P,9
E0152,2025-02-24,present,8
E0152,2025-02-25,P,7.5
E0152,26-02-2025,P,8
E0152,2025-02-27,PRESENT,8
E0152,28 Feb 2025,PRESENT,8
E0152,03 Mar 2025,WFH,8
E0152,04 Mar 2025,PRESENT,8
E0152,03/05/2025,PRESENT,8
E0152,06 Mar 2025,On Leave,
E0152,2025-03-10,Present,8
E0152,11 Mar 2025,Absent,
E0152,03/12/2025,P,8
E0152,03/13/2025,Work From Home,7
E0154,03-01-2025,Leave,
E0154,2025-01-06,present,8
E0154,07 Jan 2025,PRESENT,8
E0154,01/08/2025,Work From Home,8
E0154,09 Jan 2025,P,9
E0154,13-01-2025,PRESENT,9
E0154,01/14/2025,Present,8
E0154,15 Jan 2025,PRESENT,8
E0154,16 Jan 2025,Present,9
E0154,01/17/2025,P,7
E0154,20-01-2025,PRESENT,9
E0154,01/21/2025,PRESENT,8
E0154,01/22/2025,PRESENT,7.5
E0154,23-01-2025,PRESENT,7
E0154,01/24/2025,present,9
E0154,27-01-2025,Present,7.5
E0154,01/28/2025,P,8
E0154,2025-01-29,present,8
E0154,30-01-2025,Work From Home,8
E0154,2025-02-03,present,9
E0154,04-02-2025,present,8
E0154,2025-02-05,P,8
E0154,2025-02-07,P,8
E0154,02/11/2025,present,9
E0154,02/13/2025,P,8
E0154,2025-02-17,P,8
E0154,18 Feb 2025,present,8
E0154,20 Feb 2025,PRESENT,8
E0154,2025-02-21,wfh,8
E0154,2025-02-24,P,8
E0154,02/25/2025,PRESENT,7
E0154,27-02-2025,A,
E0154,03/04/2025,Present,7
E0154,03/05/2025,present,7.5
E0154,03/06/2025,P,7.5
E0154,07 Mar 2025,present,7.5
E0154,11 Mar 2025,Present,7.5
E0154,13 Mar 2025,leave,
E0154,2025-03-14,PRESENT,8
E0154,17 Mar 2025,P,9
E0154,18 Mar 2025,absent,
E0154,19-03-2025,PRESENT,8
E0155,02 Jan 2025,L,
E0155,03 Jan 2025,PRESENT,7.5
E0155,2025-01-07,P,7
E0155,01/09/2025,PRESENT,8
E0155,10 Jan 2025,present,7
E0155,01/13/2025,Present,8
E0155,14-01-2025,Present,9
E0155,15 Jan 2025,Present,8
E0155,2025-01-16,present,7.5
E0155,2025-01-17,Present,9
E0155,20 Jan 2025,P,8
E0155,21-01-2025,P,9
E0155,22-01-2025,present,8
E0155,23 Jan 2025,Present,9
E0155,24-01-2025,present,7.5
E0155,28 Jan 2025,leave,
E0155,01/29/2025,Present,8
E0155,31 Jan 2025,present,8
E0155,2025-02-03,present,7
E0155,2025-02-04,P,9
E0155,05-02-2025,P,7
E0155,06-02-2025,On Leave,
E0155,10-02-2025,present,8
E0155,11-02-2025,WFH,7.5
E0155,2025-02-12,present,8
E0155,13 Feb 2025,Absent,
E0155,02/17/2025,Present,7.5
E0155,2025-02-18,P,8
E0155,19 Feb 2025,present,8
E0155,20 Feb 2025,present,8
E0155,21 Feb 2025,On Leave,
E0155,24-02-2025,PRESENT,7
E0155,25 Feb 2025,leave,
E0155,27 Feb 2025,Present,8
E0155,28-02-2025,present,7
E0155,03/04/2025,On Leave,
E0155,03/05/2025,present,8
E0155,2025-03-06,PRESENT,8
E0155,07 Mar 2025,Work From Home,8
E0155,10-03-2025,present,7.5
E0155,11 Mar 2025,PRESENT,7.5
E0155,2025-03-12,PRESENT,9
E0155,13-03-2025,present,9
E0155,2025-03-14,Present,8
E0156,2025-01-02,present,7.5
E0156,01/06/2025,P,7.5
E0156,2025-01-07,PRESENT,9
E0156,2025-01-08,Present,7
E0156,09 Jan 2025,PRESENT,7.5
E0156,2025-01-13,P,7
E0156,01/15/2025,present,8
E0156,16-01-2025,L,
E0156,21 Jan 2025,P,8
E0156,01/22/2025,Present,8
E0156,2025-01-23,Present,7
E0156,24 Jan 2025,Leave,
E0156,2025-01-27,present,8
E0156,2025-01-29,PRESENT,9
E0156,01/30/2025,PRESENT,8
E0156,31-01-2025,PRESENT,8
E0156,2025-02-04,Leave,
E0156,2025-02-06,Present,8
E0156,10-02-2025,present,8
E0156,11 Feb 2025,wfh,9
E0156,12-02-2025,P,8
E0156,13-02-2025,present,8
E0156,14-02-2025,Present,8
E0156,17 Feb 2025,present,7.5
E0156,19 Feb 2025,Present,8
E0156,21-02-2025,absent,
E0156,02/25/2025,P,8
E0156,26 Feb 2025,PRESENT,8
E0156,02/27/2025,P,8
E0156,28-02-2025,Work From Home,8
E0156,2025-03-03,Present,7.5
E0156,03/05/2025,P,8
E0156,06-03-2025,P,8
E0156,10 Mar 2025,P,9
E0156,03/11/2025,Present,8
E0156,12 Mar 2025,P,8
E0156,2025-03-13,present,8
E0156,14 Mar 2025,present,8
E0156,17-03-2025,present,7
E0156,18 Mar 2025,P,8
E0156,19-03-2025,P,7
E0156,03/21/2025,wfh,7.5
E0158,02 Jan 2025,Present,7.5
E0158,01/03/2025,P,8
E0158,01/06/2025,PRESENT,8
E0158,2025-01-08,Present,7.5
E0158,01/10/2025,Present,7
E0158,2025-01-13,present,8
E0158,01/14/2025,present,7.5
E0158,15 Jan 2025,P,8
E0158,01/16/2025,Leave,
E0158,17-01-2025,P,8
E0158,21 Jan 2025,P,9
E0158,01/22/2025,present,7
E0158,2025-01-23,PRESENT,7.5
E0158,2025-01-24,Present,7
E0158,01/27/2025,present,8
E0158,01/28/2025,Present,9
E0158,2025-01-30,PRESENT,8
E0158,03 Feb 2025,Present,8
E0158,2025-02-05,wfh,8
E0158,2025-02-06,PRESENT,7.5
E0158,07-02-2025,Absent,
E0158,2025-02-10,L,
E0158,11-02-2025,present,7
E0158,12 Feb 2025,Leave,
E0158,02/13/2025,present,9
E0158,2025-02-14,PRESENT,7.5
E0158,02/17/2025,P,7
E0158,18-02-2025,P,7
E0158,02/20/2025,present,8
E0158,2025-02-21,absent,
E0158,24-02-2025,WFH,7.5
E0158,02/25/2025,PRESENT,8
E0158,26 Feb 2025,PRESENT,7
E0158,2025-02-27,present,9
E0158,2025-02-28,P,7
E0158,03-03-2025,Present,8
E0158,04-03-2025,wfh,7
E0158,06 Mar 2025,PRESENT,7
E0158,07-03-2025,Present,8
E0158,2025-03-10,Present,8
E0158,2025-03-12,Present,8
E0158,2025-03-14,Present,8
E0158,17 Mar 2025,present,8
E0159,2025-01-02,Present,7.5
E0159,2025-01-03,P,9
E0159,2025-01-06,Present,9
E0159,2025-01-08,Present,9
E0159,01/09/2025,PRESENT,8
E0159,10-01-2025,Present,9
E0159,2025-01-13,PRESENT,7
E0159,2025-01-14,present,8
E0159,16-01-2025,On Leave,
E0159,2025-01-17,L,
E0159,20-01-2025,A,
E0159,21-01-2025,Present,7.5
E0159,22 Jan 2025,P,8
E0159,24-01-2025,PRESENT,8
E0159,27 Jan 2025,Present,7.5
E0159,29-01-2025,leave,
E0159,31-01-2025,PRESENT,9
E0159,03-02-2025,Present,7
E0159,02/04/2025,PRESENT,7.5
E0159,2025-02-05,present,7.5
E0159,02/06/2025,Present,9
E0159,07 Feb 2025,leave,
E0159,02/10/2025,Present,9
E0159,02/11/2025,present,8
E0159,12-02-2025,P,8
E0159,02/14/2025,Present,8
E0159,17 Feb 2025,P,9
E0159,02/19/2025,P,8
E0159,2025-02-20,PRESENT,7.5
E0159,21-02-2025,present,9
E0159,2025-02-24,P,7.5
E0159,2025-02-26,Absent,
E0159,27-02-2025,PRESENT,8
E0159,03/03/2025,P,9
E0159,04-03-2025,present,8
E0159,03/05/2025,A,
E0159,07 Mar 2025,present,8
E0159,2025-03-10,Leave,
E0159,11 Mar 2025,present,8
E0159,03/12/2025,PRESENT,8
E0159,13 Mar 2025,A,
E0159,03/14/2025,present,8
E0159,17 Mar 2025,PRESENT,7
E0159,2025-03-18,PRESENT,7
E0160,2025-01-02,P,7.5
E0160,06-01-2025,P,7.5
E0160,2025-01-07,Present,8
E0160,2025-01-08,PRESENT,8
E0160,2025-01-09,present,7.5
E0160,10-01-2025,present,7.5
E0160,2025-01-13,P,7.5
E0160,14-01-2025,wfh,7
E0160,01/16/2025,PRESENT,7
E0160,21-01-2025,Present,8
E0160,01/22/2025,present,8
E0160,23 Jan 2025,present,8
E0160,01/27/2025,On Leave,
E0160,28-01-2025,Present,8
E0160,29 Jan 2025,PRESENT,9
E0160,30-01-2025,Leave,
E0160,31 Jan 2025,PRESENT,8
E0160,03-02-2025,On Leave,
E0160,04-02-2025,present,7.5
E0160,02/05/2025,wfh,8
E0160,2025-02-06,P,9
E0160,02/07/2025,Present,7
E0160,2025-02-10,PRESENT,8
E0160,11-02-2025,Present,7.5
E0160,12-02-2025,PRESENT,7
E0160,14-02-2025,PRESENT,8
E0160,18-02-2025,present,7.5
E0160,02/19/2025,P,7
E0160,2025-02-20,Work From Home,7.5
E0160,02/24/2025,PRESENT,8
E0160,25-02-2025,PRESENT,7
E0160,26-02-2025,P,7
E0160,27-02-2025,Present,7.5
E0160,28 Feb 2025,PRESENT,9
E0160,03/03/2025,present,9
E0160,04 Mar 2025,PRESENT,8
E0160,05-03-2025,P,8
E0160,07 Mar 2025,P,8
E0160,03/11/2025,Leave,
E0160,03/13/2025,Present,7.5
E0160,14 Mar 2025,present,8
E0160,2025-03-17,present,7
E0163,02-01-2025,P,8
E0163,06 Jan 2025,Present,8
E0163,07-01-2025,Present,7.5
E0163,2025-01-08,leave,
E0163,2025-01-09,Leave,
E0163,2025-01-10,present,7
E0163,13-01-2025,present,8
E0163,2025-01-14,P,7.5
E0163,01/16/2025,Leave,
E0163,01/17/2025,Present,8
E0163,2025-01-20,PRESENT,8
E0163,2025-01-21,PRESENT,8
E0163,22 Jan 2025,P,8
E0163,23-01-2025,present,7
E0163,24-01-2025,present,9
E0163,01/27/2025,Present,7
E0163,28 Jan 2025,P,8
E0163,29-01-2025,leave,
E0163,30 Jan 2025,Work From Home,8
E0163,2025-02-03,P,8
E0163,2025-02-04,WFH,8
E0163,06 Feb 2025,PRESENT,8
E0163,10 Feb 2025,Absent,
E0163,02/12/2025,present,7.5
E0163,2025-02-13,Present,9
E0163,02/14/2025,Present,8
E0163,2025-02-18,P,9
E0163,02/19/2025,Present,8
E0163,02/20/2025,absent,
E0163,21 Feb 2025,present,8
E0163,24-02-2025,present,7
E0163,02/26/2025,PRESENT,7.5
E0163,27 Feb 2025,PRESENT,8
E0163,28 Feb 2025,Present,7.5
E0163,03/04/2025,present,8
E0163,06 Mar 2025,present,8
E0163,03/10/2025,wfh,8
E0163,03/12/2025,Present,9
E0163,13-03-2025,PRESENT,8
E0163,03/14/2025,Present,9
E0163,17 Mar 2025,Present,7.5
E0164,01/02/2025,Present,8
E0164,01/03/2025,PRESENT,8
E0164,2025-01-07,present,9
E0164,08 Jan 2025,present,8
E0164,2025-01-09,P,7
E0164,10-01-2025,present,8
E0164,01/13/2025,PRESENT,8
E0164,15-01-2025,PRESENT,7
E0164,16-01-2025,leave,
E0164,01/17/2025,Absent,
E0164,20-01-2025,A,
E0164,2025-01-21,wfh,9
E0164,22-01-2025,Present,8
E0164,24-01-2025,P,9
E0164,2025-01-27,PRESENT,7.5
E0164,28 Jan 2025,P,8
E0164,30 Jan 2025,PRESENT,8
E0164,31-01-2025,Absent,
E0164,03 Feb 2025,Present,7
E0164,2025-02-04,present,8
E0164,2025-02-06,P,8
E0164,2025-02-07,present,8
E0164,10-02-2025,Present,7.5
E0164,11-02-2025,leave,
E0164,2025-02-13,PRESENT,8
E0164,14 Feb 2025,Present,7
E0164,17 Feb 2025,leave,
E0164,02/18/2025,present,8
E0164,19 Feb 2025,Present,9
E0164,02/20/2025,P,7
E0164,2025-02-21,present,9
E0164,2025-02-24,Work From Home,8
E0164,25-02-2025,present,8
E0164,27 Feb 2025,PRESENT,8
E0164,2025-02-28,PRESENT,8
E0164,03 Mar 2025,Present,7.5
E0164,2025-03-04,P,9
E0164,03/05/2025,Present,8
E0164,06-03-2025,leave,
E0164,03/07/2025,present,8
E0164,11-03-2025,P,8
E0164,12 Mar 2025,Work From Home,9
E0164,03/13/2025,Present,7
E0164,17-03-2025,WFH,8
E0165,01/02/2025,present,8
E0165,2025-01-03,PRESENT,9
E0165,06 Jan 2025,P,8
E0165,2025-01-07,present,8
E0165,08 Jan 2025,On Leave,
E0165,09 Jan 2025,present,9
E0165,2025-01-10,present,7
E0165,13 Jan 2025,Present,8
E0165,2025-01-14,present,9
E0165,16 Jan 2025,wfh,9
E0165,2025-01-17,P,7
E0165,01/20/2025,Present,8
E0165,21 Jan 2025,present,7
E0165,22 Jan 2025,PRESENT,7
E0165,23 Jan 2025,L,
E0165,24 Jan 2025,present,8
E0165,01/27/2025,PRESENT,7
E0165,29-01-2025,PRESENT,8
E0165,30-01-2025,Present,7
E0165,02/03/2025,P,7
E0165,02/04/2025,PRESENT,8
E0165,05 Feb 2025,PRESENT,8
E0165,2025-02-06,present,7
E0165,10-02-2025,P,8
E0165,11-02-2025,Present,8
E0165,13-02-2025,leave,
E0165,02/17/2025,PRESENT,7
E0165,2025-02-18,P,8
E0165,2025-02-20,PRESENT,7
E0165,21 Feb 2025,Present,8
E0165,25 Feb 2025,PRESENT,9
E0165,26-02-2025,P,8
E0165,2025-02-27,present,7
E0165,2025-02-28,PRESENT,9
E0165,2025-03-04,P,8
E0165,2025-03-05,wfh,7.5
E0165,2025-03-06,P,8
E0165,2025-03-07,P,8
E0165,10-03-2025,Present,7
E0165,03/12/2025,P,8
E0165,14 Mar 2025,Present,8
E0166,03 Jan 2025,PRESENT,7.5
E0166,01/06/2025,present,8
E0166,01/07/2025,PRESENT,8
E0166,08-01-2025,Work From Home,8
E0166,09 Jan 2025,PRESENT,7
E0166,10 Jan 2025,Present,8
E0166,13 Jan 2025,Absent,
E0166,01/14/2025,present,9
E0166,16-01-2025,Work From Home,8
E0166,17-01-2025,P,7.5
E0166,2025-01-20,PRESENT,8
E0166,2025-01-21,present,9
E0166,22-01-2025,P,8
E0166,23 Jan 2025,Present,8
E0166,01/24/2025,Present,9
E0166,27 Jan 2025,present,9
E0166,2025-01-28,present,8
E0166,30 Jan 2025,PRESENT,8
E0166,04-02-2025,absent,
E0166,2025-02-05,P,7
E0166,06-02-2025,P,7
E0166,07 Feb 2025,Present,9
E0166,10 Feb 2025,P,7
E0166,02/11/2025,P,8
E0166,12 Feb 2025,L,
E0166,2025-02-13,A,
E0166,14 Feb 2025,wfh,8
E0166,17-02-2025,P,8
E0166,18-02-2025,PRESENT,7.5
E0166,19 Feb 2025,P,7.5
E0166,02/20/2025,present,7
E0166,02/21/2025,present,8
E0166,02/24/2025,Present,7.5
E0166,2025-02-25,PRESENT,8
E0166,2025-02-26,P,7
E0166,27 Feb 2025,P,9
E0166,03-03-2025,present,8
E0166,04 Mar 2025,PRESENT,8
E0166,2025-03-06,P,8
E0166,10 Mar 2025,PRESENT,8
E0166,2025-03-11,present,7
E0166,2025-03-12,PRESENT,8
E0166,2025-03-13,PRESENT,7
E0167,03 Jan 2025,P,7.5
E0167,06-01-2025,Present,8
E0167,01/07/2025,P,8
E0167,09 Jan 2025,Absent,
E0167,01/10/2025,P,8
E0167,01/13/2025,L,
E0167,01/14/2025,Present,8
E0167,01/15/2025,present,8
E0167,16-01-2025,Absent,
E0167,2025-01-17,A,
E0167,20 Jan 2025,PRESENT,8
E0167,01/21/2025,PRESENT,8
E0167,01/23/2025,Present,8
E0167,01/27/2025,Work From Home,8
E0167,01/28/2025,P,8
E0167,01/30/2025,Present,9
E0167,31 Jan 2025,P,8
E0167,2025-02-03,P,9
E0167,04 Feb 2025,present,8
E0167,05 Feb 2025,Present,9
E0167,2025-02-06,P,8
E0167,02/10/2025,present,8
E0167,2025-02-12,A,
E0167,13 Feb 2025,PRESENT,7
E0167,18-02-2025,Present,7
E0167,19-02-2025,P,7
E0167,20-02-2025,On Leave,
E0167,21-02-2025,P,7.5
E0167,2025-02-24,Present,9
E0167,2025-02-25,P,7.5
E0167,26-02-2025,present,7.5
E0167,02/27/2025,P,8
E0167,02/28/2025,PRESENT,7
E0167,03-03-2025,PRESENT,7.5
E0167,04 Mar 2025,Present,9
E0167,2025-03-05,PRESENT,7
E0167,2025-03-06,PRESENT,8
E0167,07 Mar 2025,PRESENT,7
E0167,03/10/2025,present,9
E0167,03/11/2025,P,7
E0167,12-03-2025,PRESENT,7.5
E0167,13 Mar 2025,Leave,
E0168,01/02/2025,PRESENT,9
E0168,01/03/2025,P,8
E0168,07 Jan 2025,PRESENT,8
E0168,08 Jan 2025,P,8
E0168,09-01-2025,PRESENT,8
E0168,10 Jan 2025,Present,7.5
E0168,01/14/2025,present,8
E0168,15-01-2025,present,8
E0168,16-01-2025,Work From Home,7
E0168,01/17/2025,On Leave,
E0168,01/20/2025,PRESENT,8
E0168,01/21/2025,absent,
E0168,22-01-2025,Present,7.5
E0168,23-01-2025,Present,9
E0168,01/24/2025,Work From Home,8
E0168,01/28/2025,Present,8
E0168,29 Jan 2025,Absent,
E0168,30 Jan 2025,WFH,9
E0168,2025-01-31,Present,7
E0168,2025-02-04,present,8
E0168,05 Feb 2025,present,9
E0168,06-02-2025,present,9
E0168,07 Feb 2025,present,7.5
E0168,10-02-2025,P,8
E0168,12 Feb 2025,Work From Home,9
E0168,2025-02-13,present,7.5
E0168,14-02-2025,Present,8
E0168,17 Feb 2025,present,8
E0168,19 Feb 2025,Work From Home,8
E0168,02/20/2025,Present,8
E0168,02/21/2025,wfh,7
E0168,2025-02-25,present,7.5
E0168,2025-02-27,P,8
E0168,02/28/2025,P,9
E0168,04-03-2025,present,8
E0168,05 Mar 2025,P,8
E0168,06 Mar 2025,PRESENT,8
E0168,07-03-2025,Absent,
E0168,11 Mar 2025,present,7.5
E0168,12-03-2025,present,7
E0168,13-03-2025,present,8
E0168,2025-03-14,P,8
E0168,17 Mar 2025,present,8
E0168,03/19/2025,Present,8
E0169,02 Jan 2025,present,8
E0169,01/03/2025,present,8
E0169,01/06/2025,present,8
E0169,01/07/2025,On Leave,
E0169,08-01-2025,PRESENT,7
E0169,2025-01-09,present,8
E0169,2025-01-10,P,9
E0169,2025-01-14,present,9
E0169,16 Jan 2025,Present,7
E0169,17 Jan 2025,P,8
E0169,20-01-2025,present,8
E0169,01/21/2025,P,8
E0169,2025-01-22,Leave,
E0169,23 Jan 2025,PRESENT,9
E0169,24 Jan 2025,present,8
E0169,01/27/2025,present,8
E0169,01/28/2025,P,8
E0169,2025-01-30,wfh,9
E0169,02/03/2025,A,
E0169,04 Feb 2025,P,8
E0169,05 Feb 2025,Present,8
E0169,06 Feb 2025,P,8
E0169,07 Feb 2025,P,9
E0169,02/10/2025,PRESENT,7
E0169,2025-02-11,P,8
E0169,2025-02-13,Absent,
E0169,02/14/2025,present,9
E0169,17 Feb 2025,present,8
E0169,02/19/2025,present,9
E0169,21-02-2025,wfh,7.5
E0169,24 Feb 2025,WFH,7
E0169,25-02-2025,PRESENT,7.5
E0169,26-02-2025,present,8
E0169,02/27/2025,Present,7.5
E0169,03/03/2025,Present,8
E0169,03/04/2025,Present,7.5
E0169,03/05/2025,P,8
E0169,2025-03-06,Absent,
E0169,07-03-2025,On Leave,
E0169,11-03-2025,P,8
E0169,12-03-2025,Present,9
E0169,03/14/2025,PRESENT,7.5
E0170,2025-01-02,On Leave,
E0170,03 Jan 2025,A,
E0170,06 Jan 2025,P,8
E0170,07 Jan 2025,Present,9
E0170,01/08/2025,present,8
E0170,09-01-2025,Leave,
E0170,01/10/2025,Present,8
E0170,13-01-2025,Absent,
E0170,2025-01-15,Present,7
E0170,01/16/2025,Present,8
E0170,17 Jan 2025,PRESENT,7.5
E0170,20-01-2025,Present,7.5
E0170,2025-01-21,P,8
E0170,22 Jan 2025,present,7.5
E0170,24-01-2025,Present,9
E0170,28 Jan 2025,Present,8
E0170,2025-01-30,Present,7.5
E0170,01/31/2025,P,8
E0170,02/04/2025,Present,7.5
E0170,05 Feb 2025,PRESENT,7
E0170,06-02-2025,Present,8
E0170,2025-02-07,Absent,
E0170,10-02-2025,PRESENT,8
E0170,2025-02-11,present,8
E0170,02/13/2025,Work From Home,7
E0170,18-02-2025,P,7
E0170,19 Feb 2025,wfh,8
E0170,02/20/2025,Present,8
E0170,21 Feb 2025,Present,7
E0170,02/24/2025,P,7.5
E0170,02/25/2025,Present,9
E0170,02/26/2025,Present,7
E0170,27-02-2025,absent,
E0170,04-03-2025,Present,8
E0170,05 Mar 2025,PRESENT,7
E0170,2025-03-06,P,9
E0170,2025-03-10,P,8
E0170,12-03-2025,P,7.5
E0170,13-03-2025,leave,
E0170,17-03-2025,Present,7.5
E0170,2025-03-18,Leave,
E0170,19 Mar 2025,P,9
E0171,2025-01-03,Present,8
E0171,07-01-2025,Present,8
E0171,08 Jan 2025,absent,
E0171,09-01-2025,P,8
E0171,10-01-2025,On Leave,
E0171,13 Jan 2025,present,8
E0171,01/14/2025,present,9
E0171,01/15/2025,PRESENT,9
E0171,2025-01-16,P,7.5
E0171,01/21/2025,wfh,8
E0171,22 Jan 2025,PRESENT,9
E0171,01/23/2025,PRESENT,7
E0171,2025-01-27,PRESENT,8
E0171,01/28/2025,P,7.5
E0171,2025-01-29,P,9
E0171,30 Jan 2025,Present,8
E0171,02/03/2025,present,8
E0171,2025-02-04,WFH,7.5
E0171,05-02-2025,wfh,7.5
E0171,2025-02-06,present,7.5
E0171,2025-02-07,present,7
E0171,10 Feb 2025,PRESENT,7.5
E0171,02/11/2025,P,7.5
E0171,2025-02-12,Present,8
E0171,2025-02-13,Present,9
E0171,14-02-2025,PRESENT,7.5
E0171,2025-02-18,PRESENT,8
E0171,2025-02-20,present,7
E0171,21 Feb 2025,leave,
E0171,24 Feb 2025,Present,7
E0171,25 Feb 2025,present,8
E0171,2025-02-26,P,7.5
E0171,28 Feb 2025,PRESENT,7.5
E0171,03 Mar 2025,Present,7
E0171,2025-03-04,absent,
E0171,2025-03-05,Absent,
E0171,03/07/2025,On Leave,
E0171,03/11/2025,A,
E0171,12-03-2025,present,7
E0171,03/13/2025,P,8
E0171,17-03-2025,Work From Home,7.5
E0171,18-03-2025,wfh,8
E0172,03-01-2025,P,7
E0172,07-01-2025,P,8
E0172,08 Jan 2025,Absent,
E0172,09-01-2025,Present,8
E0172,10-01-2025,PRESENT,8
E0172,01/13/2025,present,9
E0172,14-01-2025,Present,8
E0172,01/15/2025,L,
E0172,01/17/2025,A,
E0172,2025-01-20,P,7
E0172,21 Jan 2025,Present,8
E0172,2025-01-23,P,8
E0172,24-01-2025,Present,9
E0172,2025-01-27,Absent,
E0172,29 Jan 2025,P,7.5
E0172,2025-01-30,P,7
E0172,2025-01-31,PRESENT,9
E0172,03 Feb 2025,P,7.5
E0172,2025-02-04,Present,8
E0172,02/06/2025,P,9
E0172,10-02-2025,P,8
E0172,2025-02-11,present,8
E0172,12-02-2025,PRESENT,7.5
E0172,13-02-2025,P,9
E0172,14 Feb 2025,P,8
E0172,02/17/2025,L,
E0172,18-02-2025,P,8
E0172,20-02-2025,Present,7.5
E0172,21 Feb 2025,PRESENT,7.5
E0172,25-02-2025,PRESENT,7
E0172,2025-02-26,leave,
E0172,27 Feb 2025,present,8
E0172,02/28/2025,present,8
E0172,04 Mar 2025,PRESENT,7
E0172,06 Mar 2025,Work From Home,8
E0172,2025-03-07,PRESENT,8
E0172,2025-03-10,PRESENT,9
E0172,12 Mar 2025,Present,7
E0172,03/13/2025,present,8
E0172,03/14/2025,P,8
E0172,17-03-2025,Present,7.5
E0172,18-03-2025,PRESENT,8
E0172,2025-03-20,PRESENT,7
E0172,21 Mar 2025,Work From Home,7.5
E0173,2025-01-02,PRESENT,7.5
E0173,03 Jan 2025,present,9
E0173,06-01-2025,PRESENT,8
E0173,01/07/2025,P,9
E0173,08-01-2025,PRESENT,7.5
E0173,2025-01-10,Absent,
E0173,13 Jan 2025,P,8
E0173,14 Jan 2025,present,9
E0173,01/15/2025,WFH,9
E0173,16-01-2025,Present,8
E0173,2025-01-20,present,7
E0173,21 Jan 2025,PRESENT,7.5
E0173,23-01-2025,present,9
E0173,24-01-2025,P,8
E0173,27 Jan 2025,P,8
E0173,01/29/2025,Work From Home,8
E0173,2025-01-31,P,8
E0173,2025-02-03,Present,7.5
E0173,2025-02-04,PRESENT,7.5
E0173,05 Feb 2025,Present,7.5
E0173,02/06/2025,PRESENT,7.5
E0173,02/07/2025,present,7.5
E0173,2025-02-10,Present,8
E0173,11-02-2025,Present,8
E0173,02/12/2025,Present,8
E0173,14-02-2025,P,8
E0173,02/17/2025,P,8
E0173,02/18/2025,Work From Home,8
E0173,19 Feb 2025,P,9
E0173,20 Feb 2025,PRESENT,7
E0173,2025-02-21,Absent,
E0173,02/24/2025,PRESENT,8
E0173,2025-02-26,Present,7.5
E0173,2025-02-27,Present,8
E0173,2025-02-28,Work From Home,9
E0173,2025-03-03,absent,
E0173,03/04/2025,PRESENT,7.5
E0173,03/05/2025,Present,8
E0173,06 Mar 2025,L,
E0173,07-03-2025,P,7
E0173,11-03-2025,PRESENT,7
E0173,03/12/2025,Present,9
E0173,03/14/2025,PRESENT,7
E0174,02-01-2025,PRESENT,9
E0174,06 Jan 2025,Leave,
E0174,01/07/2025,P,7
E0174,2025-01-08,present,9
E0174,09-01-2025,present,9
E0174,2025-01-13,present,8
E0174,14 Jan 2025,present,7.5
E0174,2025-01-16,PRESENT,7
E0174,17-01-2025,P,8
E0174,21 Jan 2025,PRESENT,8
E0174,2025-01-23,P,8
E0174,01/24/2025,P,9
E0174,2025-01-27,Present,8
E0174,28-01-2025,P,7
E0174,01/29/2025,PRESENT,8
E0174,01/30/2025,PRESENT,7
E0174,01/31/2025,P,7
E0174,2025-02-04,L,
E0174,06 Feb 2025,PRESENT,8
E0174,2025-02-10,present,7
E0174,02/11/2025,Present,8
E0174,2025-02-13,present,7.5
E0174,14-02-2025,present,7.5
E0174,18 Feb 2025,Present,7
E0174,20-02-2025,Present,8
E0174,2025-02-25,wfh,7
E0174,26 Feb 2025,P,7
E0174,02/27/2025,Present,8
E0174,2025-02-28,present,9
E0174,2025-03-04,PRESENT,7.5
E0174,05-03-2025,PRESENT,7
E0174,06 Mar 2025,On Leave,
E0174,03/07/2025,present,8
E0174,03/10/2025,L,
E0174,11 Mar 2025,present,8
E0174,03/12/2025,present,7
E0174,2025-03-13,P,9
E0174,17-03-2025,present,9
E0174,18-03-2025,present,8
E0174,20 Mar 2025,Present,7.5
E0174,2025-03-24,P,9
E0176,2025-01-02,present,8
E0176,03 Jan 2025,present,7.5
E0176,06 Jan 2025,WFH,7.5
E0176,07-01-2025,present,9
E0176,2025-01-08,PRESENT,9
E0176,2025-01-09,L,
E0176,2025-01-13,A,
E0176,01/14/2025,A,
E0176,15-01-2025,P,8
E0176,17 Jan 2025,Absent,
E0176,20-01-2025,leave,
E0176,01/21/2025,present,8
E0176,2025-01-22,Leave,
E0176,23 Jan 2025,P,8
E0176,2025-01-27,Present,8
E0176,01/29/2025,PRESENT,7.5
E0176,2025-01-30,P,7
E0176,2025-01-31,Present,7.5
E0176,2025-02-03,PRESENT,9
E0176,05-02-2025,P,8
E0176,2025-02-06,L,
E0176,07-02-2025,Present,9
E0176,02/11/2025,present,7.5
E0176,12 Feb 2025,wfh,7.5
E0176,13-02-2025,wfh,8
E0176,14 Feb 2025,Present,8
E0176,17-02-2025,P,8
E0176,02/19/2025,present,7
E0176,02/20/2025,Present,7
E0176,21 Feb 2025,P,8
E0176,24 Feb 2025,Present,7.5
E0176,02/25/2025,PRESENT,8
E0176,27 Feb 2025,P,7
E0176,28 Feb 2025,Present,8
E0176,03 Mar 2025,Absent,
E0176,05 Mar 2025,PRESENT,8
E0176,07 Mar 2025,present,7
E0176,10 Mar 2025,P,8
E0176,11 Mar 2025,Present,8
E0176,03/12/2025,present,8
E0176,13 Mar 2025,present,8
E0176,14-03-2025,P,8
E0177,02-01-2025,PRESENT,7
E0177,03 Jan 2025,PRESENT,8
E0177,06 Jan 2025,Present,7
E0177,07 Jan 2025,PRESENT,8
E0177,2025-01-09,On Leave,
E0177,13-01-2025,On Leave,
E0177,2025-01-14,Present,8
E0177,16-01-2025,present,7.5
E0177,01/17/2025,Work From Home,8
E0177,20-01-2025,Present,7
E0177,21-01-2025,PRESENT,9
E0177,01/22/2025,PRESENT,7
E0177,01/23/2025,Present,9
E0177,24 Jan 2025,P,9
E0177,28 Jan 2025,Leave,
E0177,29-01-2025,leave,
E0177,30-01-2025,absent,
E0177,01/31/2025,P,8
E0177,03-02-2025,present,7
E0177,02/04/2025,present,9
E0177,06 Feb 2025,present,8
E0177,07-02-2025,Present,8
E0177,02/10/2025,Present,7.5
E0177,11 Feb 2025,P,8
E0177,12 Feb 2025,P,8
E0177,02/14/2025,present,9
E0177,2025-02-17,wfh,8
E0177,02/19/2025,PRESENT,8
E0177,20 Feb 2025,Present,7.5
E0177,21 Feb 2025,P,8
E0177,02/24/2025,P,9
E0177,02/26/2025,P,7
E0177,2025-02-28,P,8
E0177,03/03/2025,P,8
E0177,03/04/2025,PRESENT,8
E0177,05-03-2025,P,9
E0177,06-03-2025,absent,
E0177,07 Mar 2025,absent,
E0177,2025-03-10,A,
E0177,11 Mar 2025,P,8
E0177,13-03-2025,wfh,8
E0178,01/02/2025,present,7
E0178,03 Jan 2025,Present,7.5
E0178,2025-01-06,PRESENT,9
E0178,01/08/2025,present,7.5
E0178,2025-01-09,PRESENT,7.5
E0178,2025-01-10,PRESENT,7
E0178,13 Jan 2025,On Leave,
E0178,01/14/2025,Present,9
E0178,01/15/2025,wfh,9
E0178,17 Jan 2025,Present,9
E0178,2025-01-20,P,9
E0178,22 Jan 2025,present,7.5
E0178,2025-01-23,PRESENT,9
E0178,27-01-2025,present,8
E0178,01/28/2025,On Leave,
E0178,01/29/2025,present,9
E0178,01/30/2025,Present,8
E0178,31-01-2025,PRESENT,9
E0178,02/03/2025,Present,8
E0178,2025-02-04,present,7
E0178,05 Feb 2025,present,8
E0178,02/06/2025,present,8
E0178,10-02-2025,PRESENT,8
E0178,11 Feb 2025,wfh,8
E0178,12 Feb 2025,P,8
E0178,2025-02-13,present,9
E0178,14 Feb 2025,present,8
E0178,17 Feb 2025,present,8
E0178,19-02-2025,present,7.5
E0178,02/20/2025,L,
E0178,02/21/2025,present,8
E0178,2025-02-24,Present,8
E0178,26 Feb 2025,P,7.5
E0178,02/27/2025,Present,7.5
E0178,03 Mar 2025,PRESENT,9
E0178,03/04/2025,Present,8
E0178,05-03-2025,On Leave,
E0178,06-03-2025,WFH,9
E0178,03/10/2025,P,8
E0178,2025-03-11,PRESENT,8
E0178,2025-03-12,Present,8
E0178,03/14/2025,P,7.5
E0178,17 Mar 2025,PRESENT,8
E0178,18-03-2025,P,9
E0178,2025-03-19,P,7
E0178,2025-03-21,Present,8
E0179,02 Jan 2025,Present,9
E0179,03-01-2025,leave,
E0179,2025-01-06,P,8
E0179,07-01-2025,WFH,7.5
E0179,2025-01-09,present,9
E0179,2025-01-10,On Leave,
E0179,13-01-2025,Present,9
E0179,01/15/2025,PRESENT,7
E0179,16-01-2025,Present,8
E0179,2025-01-20,PRESENT,8
E0179,21-01-2025,wfh,7.5
E0179,2025-01-23,PRESENT,8
E0179,01/24/2025,Present,7.5
E0179,27-01-2025,present,8
E0179,28-01-2025,Absent,
E0179,29-01-2025,P,8
E0179,30 Jan 2025,WFH,8
E0179,31-01-2025,Present,8
E0179,03-02-2025,WFH,8
E0179,02/04/2025,leave,
E0179,05-02-2025,present,8
E0179,02/06/2025,P,7.5
E0179,07-02-2025,PRESENT,8
E0179,02/10/2025,PRESENT,8
E0179,11-02-2025,PRESENT,9
E0179,12 Feb 2025,Present,8
E0179,13 Feb 2025,absent,
E0179,14-02-2025,A,
E0179,17 Feb 2025,Work From Home,9
E0179,18-02-2025,Present,8
E0179,19 Feb 2025,L,
E0179,2025-02-20,Present,8
E0179,21-02-2025,present,8
E0179,24-02-2025,PRESENT,9
E0179,25 Feb 2025,PRESENT,8
E0179,2025-02-26,L,
E0179,2025-02-28,P,8
E0179,03/04/2025,Present,8
E0179,05 Mar 2025,Present,8
E0179,06-03-2025,Present,8
E0179,03/07/2025,present,8
E0179,03/10/2025,present,8
E0179,11 Mar 2025,Present,7.5
E0179,03/12/2025,P,8
E0179,14-03-2025,PRESENT,8
E0180,02-01-2025,P,8
E0180,2025-01-06,Present,7.5
E0180,01/07/2025,PRESENT,7.5
E0180,2025-01-08,PRESENT,7.5
E0180,2025-01-09,P,7
E0180,2025-01-10,P,7.5
E0180,2025-01-13,P,9
E0180,15 Jan 2025,Work From Home,9
E0180,16-01-2025,P,8
E0180,17 Jan 2025,Present,8
E0180,2025-01-20,PRESENT,8
E0180,22 Jan 2025,WFH,8
E0180,01/23/2025,Present,9
E0180,24 Jan 2025,P,7.5
E0180,27 Jan 2025,Present,9
E0180,28-01-2025,PRESENT,7.5
E0180,30-01-2025,On Leave,
E0180,03 Feb 2025,A,
E0180,02/04/2025,P,7.5
E0180,06-02-2025,Present,7
E0180,07 Feb 2025,PRESENT,8
E0180,10 Feb 2025,Work From Home,8
E0180,02/11/2025,Present,8
E0180,2025-02-12,P,8
E0180,13 Feb 2025,Present,8
E0180,2025-02-14,PRESENT,7
E0180,2025-02-17,present,7
E0180,18-02-2025,P,7.5
E0180,19-02-2025,P,8
E0180,2025-02-21,absent,
E0180,24-02-2025,Present,7
E0180,25 Feb 2025,P,8
E0180,26 Feb 2025,Present,7
E0180,27 Feb 2025,WFH,8
E0180,2025-02-28,present,7.5
E0180,2025-03-04,wfh,8
E0180,06-03-2025,present,8
E0180,11 Mar 2025,PRESENT,8
E0180,03/12/2025,P,8
E0180,2025-03-14,Leave,
E0180,17 Mar 2025,Present,8
